T,seed,L,Y,YoverT,sqrtMI,absRI,xm1,birth,Smax,Nv,eta
1.13,6,128,0.023824,0.021083,0.066225,0.0039356,5.24182,0.11783,3.05,0.024741,1.7792
1.135,6,128,0.159658,0.140668,0.097031,0.0053886,4.83417,0.117425,3.225,0.025072,1.2102
1.14,6,128,-0.120223,-0.105459,0.122078,0.0070434,4.83571,0.119867,3.1833,0.026109,0.9819
1.145,6,128,0.088788,0.077544,0.116486,0.0081804,3.90568,0.124853,3.1833,0.026663,1.0718
1.15,6,128,0.118529,0.103069,0.098469,0.0079452,5.22709,0.124683,3.1917,0.027233,1.2662
1.155,6,128,0.137303,0.118877,0.072136,0.0069791,5.441,0.128648,3.3583,0.027548,1.7834
1.16,6,128,0.221045,0.190556,0.049392,0.0056064,4.71124,0.128322,3.2833,0.028215,2.598
1.165,6,128,0.234467,0.201259,0.030242,0.0040165,3.72389,0.133324,3.2333,0.029007,4.4086
1.17,6,128,0.172244,0.147217,0.020446,0.0029805,4.18777,0.135907,3.3167,0.029542,6.6472
1.175,6,128,0.124605,0.106046,0.014387,0.0023688,3.71799,0.135735,3.425,0.030259,9.4348
1.18,6,128,0.327767,0.277768,0.014269,0.0023889,4.63155,0.140145,3.4,0.030971,9.822
1.185,6,128,0.068821,0.058077,0.017325,0.0026895,5.20906,0.139338,3.4417,0.031357,8.0424
1.19,6,128,0.166021,0.139514,0.02392,0.0035435,4.95046,0.143256,3.4167,0.032437,5.9889
1.195,6,128,0.404871,0.338804,0.029883,0.0041998,4.1239,0.147007,3.5417,0.033305,4.9194
1.2,6,128,0.264664,0.220553,0.038952,0.0052039,4.79711,0.151187,3.4917,0.033641,3.8814
1.205,6,128,0.294117,0.24408,0.048673,0.0061061,3.40732,0.150507,3.6083,0.034289,3.0922
1.21,6,128,0.153926,0.127212,0.054982,0.0067556,3.90002,0.149941,3.4,0.035071,2.7271
1.215,6,128,-0.169183,-0.139245,0.063278,0.0075999,3.38503,0.152209,3.6167,0.035574,2.4054
1.22,6,128,0.168847,0.138399,0.07217,0.0081788,3.81081,0.154041,3.55,0.036261,2.1344
1.225,6,128,0.253573,0.206999,0.077753,0.0085239,4.69156,0.156803,3.5667,0.036675,2.0167
1.23,6,128,0.189523,0.154083,0.085436,0.0090569,5.05844,0.158001,3.6,0.037245,1.8494
1.235,6,128,0.167395,0.135543,0.096381,0.0096038,5.25811,0.16189,3.7583,0.037807,1.6797
1.24,6,128,-0.115391,-0.093057,0.105347,0.0099963,5.28233,0.162338,3.7083,0.038345,1.541
1.245,6,128,0.178192,0.143126,0.11063,0.0104019,5.96645,0.164386,3.7,0.039428,1.4859
1.25,6,128,0.040401,0.032321,0.119165,0.0109336,6.38198,0.162853,3.75,0.039679,1.3666
1.255,6,128,-0.106501,-0.084861,0.125525,0.0111208,6.04702,0.174099,3.7917,0.040724,1.387
1.26,6,128,0.223852,0.17766,0.129588,0.0111387,6.41336,0.169819,3.8667,0.041294,1.3104
1.265,6,128,0.198899,0.157232,0.142188,0.0115446,5.31743,0.171263,3.8583,0.041738,1.2045
1.27,6,128,0.381512,0.300404,0.145327,0.011842,5.1441,0.175671,3.9,0.042781,1.2088
1.275,6,128,0.121034,0.094928,0.149727,0.0117539,4.36365,0.174309,3.8583,0.042882,1.1642
1.28,6,128,0.009796,0.007653,0.150546,0.0117333,4.48487,0.176084,3.725,0.043577,1.1696
1.13,7,128,0.14808,0.131044,0.072575,0.0039878,4.88679,0.115374,3.075,0.024435,1.5897
1.135,7,128,0.048595,0.042815,0.10399,0.0052543,3.99709,0.117377,3.0917,0.025247,1.1287
1.14,7,128,-0.055465,-0.048653,0.123605,0.0068967,4.1539,0.123727,3.1833,0.025691,1.001
1.145,7,128,0.066365,0.057961,0.11792,0.0081734,4.50185,0.125696,3.1333,0.026565,1.0659
1.15,7,128,0.067007,0.058267,0.102419,0.008027,4.51069,0.1229,3.225,0.027107,1.2
1.155,7,128,0.181179,0.156865,0.071644,0.0069062,5.22369,0.131309,3.25,0.027853,1.8328
1.16,7,128,0.218359,0.18824,0.047106,0.0055839,4.97201,0.125224,3.1583,0.028224,2.6583
1.165,7,128,0.129209,0.110909,0.031097,0.0042521,3.734,0.13391,3.3333,0.028901,4.3061
1.17,7,128,0.159813,0.136592,0.020452,0.0031054,3.99983,0.134257,3.425,0.029775,6.5646
1.175,7,128,0.206042,0.175355,0.014335,0.0023731,5.26074,0.131159,3.2833,0.030287,9.1495
1.18,7,128,0.170327,0.144345,0.014965,0.0024192,4.3586,0.135523,3.3333,0.030662,9.0561
1.185,7,128,-0.113595,-0.095861,0.018744,0.0029249,4.68659,0.140806,3.3,0.031645,7.5119
1.19,7,128,0.160012,0.134464,0.025102,0.0036134,5.25394,0.142039,3.3917,0.032311,5.6584
1.195,7,128,0.171561,0.143566,0.033459,0.0047176,5.76694,0.144584,3.4167,0.033079,4.3212
1.2,7,128,-0.0085,-0.007083,0.042051,0.0055827,5.31586,0.14575,3.4417,0.033372,3.466
1.205,7,128,0.138543,0.114973,0.049611,0.0063507,4.87652,0.146634,3.65,0.034167,2.9557
1.21,7,128,0.27819,0.229909,0.060898,0.00732,5.37751,0.151096,3.5583,0.034922,2.4811
1.215,7,128,0.078715,0.064786,0.066493,0.0077149,5.18678,0.151044,3.6333,0.035538,2.2716
1.22,7,128,0.075316,0.061734,0.076983,0.0083848,5.94372,0.156275,3.5,0.036334,2.03
1.225,7,128,0.173034,0.141252,0.081957,0.0086599,4.80326,0.157329,3.5833,0.036866,1.9197
1.23,7,128,0.079571,0.064692,0.089409,0.0092471,5.13992,0.158781,3.6667,0.037431,1.7759
1.235,7,128,0.150178,0.121602,0.093862,0.0094673,5.47749,0.163205,3.6333,0.037929,1.7388
1.24,7,128,0.117,0.094355,0.10366,0.0098698,5.27197,0.164053,3.675,0.039066,1.5826
1.245,7,128,0.325596,0.261523,0.11074,0.0104673,5.53852,0.164875,3.7083,0.039363,1.4889
1.25,7,128,0.090906,0.072725,0.116958,0.0103809,3.94088,0.168587,3.7833,0.039848,1.4414
1.255,7,128,0.220282,0.175523,0.122114,0.0107012,3.86548,0.166023,3.8583,0.040483,1.3596
1.26,7,128,0.220528,0.175023,0.128676,0.0109618,4.3959,0.171043,3.7917,0.041169,1.3293
1.265,7,128,0.27994,0.221296,0.132289,0.0111092,6.02563,0.172358,3.8583,0.041741,1.3029
1.27,7,128,-0.068124,-0.053641,0.140693,0.0112705,5.03522,0.173504,3.8167,0.042505,1.2332
1.275,7,128,0.241616,0.189503,0.149231,0.0114195,4.84307,0.177704,3.975,0.043287,1.1908
1.28,7,128,0.221257,0.172857,0.153007,0.0118003,3.86612,0.178804,3.9667,0.043942,1.1686
1.13,8,128,0.203995,0.180527,0.064096,0.0038652,3.83642,0.113645,3.1083,0.024298,1.773
1.135,8,128,0.102965,0.090718,0.088051,0.0053468,5.58014,0.11407,3.075,0.024997,1.2955
1.14,8,128,0.17021,0.149307,0.10526,0.0070901,5.12436,0.119091,3.1917,0.025528,1.1314
1.145,8,128,0.248073,0.216657,0.11446,0.0082986,5.73353,0.125123,3.0667,0.026584,1.0932
1.15,8,128,0.023238,0.020207,0.098605,0.0078099,3.92733,0.123758,3.1667,0.027016,1.2551
1.155,8,128,0.086518,0.074907,0.073609,0.0069818,4.64915,0.126209,3.1167,0.027687,1.7146
1.16,8,128,0.356845,0.307625,0.050041,0.0057967,4.48967,0.13095,3.4,0.02825,2.6169
1.165,8,128,0.12893,0.110669,0.032917,0.0042826,4.14485,0.132043,3.3417,0.029119,4.0114
1.17,8,128,0.124312,0.10625,0.021612,0.0029987,5.31024,0.133768,3.3167,0.029619,6.1894
1.175,8,128,0.098621,0.083933,0.014857,0.0023775,4.10037,0.135939,3.3833,0.03037,9.15
1.18,8,128,0.196246,0.16631,0.013847,0.0022666,3.50405,0.13894,3.425,0.030881,10.0336
1.185,8,128,0.141061,0.119039,0.01706,0.0027238,4.09734,0.136958,3.3833,0.0315,8.028
1.19,8,128,0.055745,0.046845,0.022806,0.0033968,4.47438,0.140779,3.475,0.032244,6.1729
1.195,8,128,0.002195,0.001837,0.029533,0.0042098,5.68097,0.145652,3.425,0.032751,4.9318
1.2,8,128,0.20643,0.172025,0.036101,0.0049113,4.862,0.145808,3.4833,0.033456,4.0389
1.205,8,128,0.105036,0.087167,0.04493,0.0057027,4.24014,0.150794,3.5083,0.034352,3.3562
1.21,8,128,0.247427,0.204485,0.053367,0.0064578,4.04318,0.148031,3.575,0.035057,2.7738
1.215,8,128,0.147773,0.121624,0.063472,0.0073112,4.49219,0.154773,3.5083,0.035518,2.4384
1.22,8,128,0.063458,0.052015,0.072528,0.0079104,4.09971,0.157142,3.625,0.036271,2.1666
1.225,8,128,0.245806,0.200658,0.079043,0.0082153,4.12592,0.154273,3.65,0.036381,1.9518
1.23,8,128,0.086625,0.070427,0.087057,0.0089498,4.82837,0.155847,3.6417,0.03722,1.7902
1.235,8,128,0.10317,0.083539,0.09624,0.009417,5.74235,0.161169,3.725,0.038036,1.6747
1.24,8,128,0.143532,0.115752,0.106356,0.0099348,3.72261,0.162898,3.75,0.03855,1.5316
1.245,8,128,0.156677,0.125845,0.11367,0.0101948,3.1527,0.16437,3.7833,0.039249,1.446
1.25,8,128,0.219806,0.175844,0.119948,0.0106496,3.26768,0.166002,3.575,0.040043,1.3839
1.255,8,128,0.265452,0.211516,0.121449,0.0106449,4.87585,0.169201,3.825,0.040776,1.3932
1.26,8,128,0.119653,0.094962,0.125498,0.0110849,5.42364,0.17338,3.8583,0.04117,1.3815
1.265,8,128,0.095974,0.075869,0.132817,0.0110519,5.19839,0.171359,4.025,0.041658,1.2902
1.27,8,128,0.172876,0.136123,0.136599,0.0110031,5.3538,0.172398,3.9167,0.042518,1.2621
1.275,8,128,0.204818,0.160641,0.140638,0.0112908,5.51141,0.176176,3.9,0.042957,1.2527
1.28,8,128,0.248791,0.194368,0.150344,0.0116113,5.3729,0.179429,4.0167,0.043775,1.1935
1.13,9,128,0.11238,0.099451,0.066769,0.0039917,3.7082,0.118701,3.1333,0.024597,1.7778
1.135,9,128,0.184454,0.162514,0.094727,0.0053206,4.57295,0.12015,3.025,0.025239,1.2684
1.14,9,128,0.263624,0.231249,0.122552,0.0070015,3.8718,0.119633,3.0917,0.025434,0.9762
1.145,9,128,0.356169,0.311065,0.119528,0.0079316,3.7771,0.121127,3.2,0.026276,1.0134
1.15,9,128,0.051828,0.045068,0.103198,0.0076234,4.36559,0.127201,3.3083,0.027313,1.2326
1.155,9,128,0.268381,0.232364,0.074623,0.0070782,3.82422,0.125316,3.2083,0.027833,1.6793
1.16,9,128,0.352103,0.303537,0.050896,0.005777,3.54801,0.133185,3.3667,0.02834,2.6168
1.165,9,128,0.32829,0.281794,0.0346,0.0044563,3.97971,0.130476,3.3417,0.028915,3.7709
1.17,9,128,0.026343,0.022516,0.022771,0.0033094,5.14217,0.133763,3.3333,0.029566,5.8742
1.175,9,128,0.141601,0.120512,0.016243,0.0025808,5.46688,0.136554,3.3167,0.030434,8.407
1.18,9,128,0.200601,0.170001,0.014822,0.0023653,6.03036,0.136997,3.4,0.031013,9.2431
1.185,9,128,0.084239,0.071088,0.017138,0.0026221,4.08005,0.141807,3.35,0.031674,8.2746
1.19,9,128,-0.008757,-0.007359,0.02279,0.0033414,5.12416,0.140057,3.4333,0.032208,6.1454
1.195,9,128,0.274355,0.229586,0.029182,0.0041485,7.10613,0.145577,3.4417,0.033084,4.9886
1.2,9,128,0.248663,0.207219,0.03803,0.0050449,5.88881,0.147764,3.4417,0.033685,3.8855
1.205,9,128,0.241907,0.200753,0.045772,0.0059878,5.39351,0.147466,3.3583,0.034181,3.2217
1.21,9,128,0.165727,0.136965,0.055609,0.0066537,5.9788,0.150897,3.6083,0.034997,2.7135
1.215,9,128,0.035712,0.029393,0.064379,0.0076032,5.84382,0.153272,3.525,0.035731,2.3808
1.22,9,128,-0.226477,-0.185637,0.072367,0.0079478,4.12678,0.15275,3.5583,0.036043,2.1108
1.225,9,128,0.379617,0.309891,0.081597,0.0084238,5.27414,0.155838,3.5583,0.036725,1.9099
1.23,9,128,-0.057818,-0.047007,0.090366,0.0090786,5.66064,0.158314,3.625,0.037644,1.7519
1.235,9,128,0.236212,0.191265,0.098354,0.0094544,4.73751,0.162237,3.8917,0.038246,1.6495
1.24,9,128,0.23541,0.189846,0.105887,0.0098208,3.97212,0.160457,3.7083,0.038626,1.5154
1.245,9,128,0.042342,0.034009,0.11266,0.0101274,4.62869,0.159942,3.775,0.039104,1.4197
1.25,9,128,0.234508,0.187606,0.121776,0.0105228,3.55886,0.165507,3.625,0.039834,1.3591
1.255,9,128,0.247276,0.197033,0.128558,0.0108418,3.8628,0.168844,3.8417,0.040415,1.3134
1.26,9,128,0.197011,0.156358,0.131374,0.0110671,4.35056,0.170278,3.8,0.041453,1.2961
1.265,9,128,0.25649,0.202759,0.132655,0.0111149,4.86111,0.173013,3.8167,0.041625,1.3042
1.27,9,128,-0.027661,-0.02178,0.141797,0.0114158,3.15876,0.174028,3.825,0.042461,1.2273
1.275,9,128,0.097771,0.076683,0.147651,0.0113442,4.13329,0.176771,3.95,0.042884,1.1972
1.28,9,128,0.119113,0.093057,0.152211,0.0116721,4.08002,0.176204,3.9167,0.043529,1.1576
1.13,10,128,0.447884,0.396357,0.056835,0.0038539,5.20897,0.118584,3.075,0.024329,2.0865
1.135,10,128,0.28446,0.250625,0.089238,0.0052556,4.4953,0.117123,3.0,0.025081,1.3125
1.14,10,128,0.105986,0.09297,0.116835,0.0070509,5.19494,0.119571,3.1417,0.025688,1.0234
1.145,10,128,0.199172,0.17395,0.108211,0.0081053,4.46877,0.124586,3.175,0.026239,1.1513
1.15,10,128,0.220862,0.192054,0.101598,0.0080579,3.93184,0.128137,3.2917,0.027141,1.2612
1.155,10,128,0.176306,0.152646,0.076449,0.0071862,4.09151,0.125534,3.2333,0.027828,1.6421
1.16,10,128,0.303003,0.26121,0.049008,0.0055435,5.07481,0.129372,3.4333,0.02835,2.6398
1.165,10,128,0.054868,0.047097,0.033652,0.0044863,4.88784,0.13339,3.375,0.028941,3.9638
1.17,10,128,0.366171,0.312967,0.022814,0.0033065,4.65454,0.131335,3.4083,0.029669,5.7568
1.175,10,128,0.032611,0.027754,0.016046,0.0025173,4.14779,0.134522,3.3333,0.030205,8.3835
1.18,10,128,0.133054,0.112758,0.013795,0.0023551,4.13286,0.141394,3.3583,0.03128,10.2499
1.185,10,128,0.323975,0.273397,0.018614,0.0028143,4.57016,0.141327,3.3917,0.03154,7.5926
1.19,10,128,0.286044,0.240373,0.023691,0.0034561,5.86184,0.144094,3.5083,0.032465,6.0823
1.195,10,128,0.26698,0.223415,0.030253,0.0042988,5.56279,0.139667,3.5,0.032912,4.6166
1.2,10,128,0.103632,0.08636,0.038915,0.0052845,6.04225,0.145405,3.575,0.033634,3.7364
1.205,10,128,0.037438,0.031069,0.046986,0.0061174,4.63871,0.15003,3.5417,0.034496,3.1931
1.21,10,128,0.144592,0.119497,0.057031,0.0069433,3.97269,0.14961,3.525,0.035145,2.6233
1.215,10,128,0.295408,0.243134,0.065188,0.0076328,4.89336,0.154818,3.5167,0.035379,2.375
1.22,10,128,0.114103,0.093527,0.073558,0.00824,3.28582,0.15592,3.55,0.036229,2.1197
1.225,10,128,0.308233,0.251619,0.081247,0.008662,4.53395,0.156376,3.5167,0.036798,1.9247
1.23,10,128,0.196584,0.159825,0.090832,0.0091203,4.35435,0.159148,3.6333,0.037525,1.7521
1.235,10,128,0.313628,0.25395,0.097168,0.0097332,4.014,0.162148,3.725,0.038008,1.6687
1.24,10,128,0.122438,0.09874,0.102676,0.0101957,4.93999,0.163572,3.8,0.038831,1.5931
1.245,10,128,0.087412,0.07021,0.1135,0.0107638,3.84193,0.164166,3.75,0.039485,1.4464
1.25,10,128,0.21197,0.169576,0.116789,0.0109232,3.75952,0.168955,3.8583,0.040295,1.4467
1.255,10,128,0.091099,0.072589,0.120793,0.0110387,4.4899,0.171666,3.8417,0.040617,1.4212
1.26,10,128,0.201413,0.159852,0.12348,0.0112791,3.61628,0.168105,3.7083,0.041319,1.3614
1.265,10,128,0.101613,0.080327,0.138767,0.0113883,3.68583,0.172225,3.8417,0.041484,1.2411
1.27,10,128,0.133332,0.104986,0.139278,0.0114738,3.63995,0.176626,3.825,0.042581,1.2682
1.275,10,128,0.321931,0.252495,0.147459,0.0117107,3.85359,0.179123,3.8583,0.042959,1.2147
1.28,10,128,0.251446,0.196443,0.159004,0.0120192,4.05479,0.179804,4.025,0.043738,1.1308
1.13,11,128,0.108799,0.096282,0.059539,0.0038681,5.00538,0.116522,3.0833,0.024174,1.9571
1.135,11,128,0.400086,0.352499,0.093193,0.0052479,4.71454,0.120876,3.2083,0.025143,1.297
1.14,11,128,0.301799,0.264736,0.106833,0.0069838,4.77821,0.117216,3.2083,0.025686,1.0972
1.145,11,128,0.271533,0.237147,0.111873,0.0078904,3.72416,0.122417,3.15,0.026244,1.0943
1.15,11,128,0.21667,0.188408,0.104716,0.0078385,5.47129,0.121593,3.15,0.027177,1.1612
1.155,11,128,0.207297,0.179478,0.07404,0.0068913,3.4676,0.129314,3.375,0.027882,1.7465
1.16,11,128,0.318679,0.274723,0.048511,0.0055946,3.87234,0.129486,3.2083,0.028277,2.6692
1.165,11,128,0.217386,0.186597,0.03095,0.0040612,4.35192,0.133265,3.4167,0.029036,4.3058
1.17,11,128,0.28726,0.245521,0.020566,0.0030425,3.92889,0.136516,3.375,0.029779,6.638
1.175,11,128,0.312745,0.266166,0.013897,0.0022872,3.83686,0.136736,3.4417,0.030626,9.8392
1.18,11,128,0.042863,0.036325,0.013678,0.0022117,4.32515,0.140229,3.5,0.030918,10.2525
1.185,11,128,0.175829,0.148379,0.019563,0.002899,4.67438,0.138074,3.3917,0.031441,7.058
1.19,11,128,0.158329,0.133049,0.024594,0.0036724,4.7162,0.140306,3.425,0.032221,5.705
1.195,11,128,0.086842,0.072671,0.031995,0.004459,4.76425,0.142965,3.4,0.033018,4.4684
1.2,11,128,0.126417,0.105347,0.039144,0.0052917,5.01169,0.147713,3.4667,0.033746,3.7735
1.205,11,128,0.352739,0.29273,0.045663,0.0058908,4.74784,0.14708,3.4917,0.034067,3.221
1.21,11,128,0.11368,0.093951,0.056457,0.0066794,6.06191,0.152857,3.6,0.034862,2.7075
1.215,11,128,0.205469,0.16911,0.064805,0.0073837,6.22213,0.151939,3.5667,0.035309,2.3446
1.22,11,128,-0.003917,-0.00321,0.07441,0.0080964,6.85996,0.15477,3.6,0.03619,2.08
1.225,11,128,0.05921,0.048335,0.082569,0.0085301,4.03874,0.157833,3.6167,0.036876,1.9115
1.23,11,128,0.188549,0.153292,0.088223,0.0091115,4.01862,0.157479,3.6083,0.03738,1.785
1.235,11,128,0.064884,0.052538,0.098081,0.0096563,4.96843,0.157198,3.6083,0.037907,1.6027
1.24,11,128,0.080141,0.06463,0.106611,0.0102163,5.66771,0.165147,3.7833,0.03881,1.5491
1.245,11,128,0.207152,0.166387,0.11513,0.0106099,5.41006,0.164796,3.7917,0.039457,1.4314
1.25,11,128,0.072163,0.05773,0.120898,0.0107696,5.29708,0.165676,3.7417,0.039738,1.3704
1.255,11,128,0.237593,0.189317,0.131364,0.011311,5.04369,0.171988,3.9,0.040534,1.3093
1.26,11,128,0.048939,0.03884,0.139967,0.0116598,5.17946,0.169449,3.9,0.041272,1.2106
1.265,11,128,0.31946,0.252537,0.144724,0.011621,5.32037,0.175044,3.8083,0.04165,1.2095
1.27,11,128,0.192206,0.151344,0.144534,0.0116106,5.34153,0.175143,3.8833,0.042598,1.2118
1.275,11,128,0.17519,0.137404,0.150395,0.0119947,4.91357,0.177323,3.8583,0.043072,1.1791
1.28,11,128,0.248869,0.194429,0.154157,0.0119513,4.37754,0.176756,3.95,0.043566,1.1466
1.13,12,128,0.274005,0.242482,0.060884,0.0037911,5.59591,0.114239,3.05,0.024323,1.8763
1.135,12,128,0.235189,0.207215,0.106847,0.0053288,6.87594,0.120616,3.1167,0.025244,1.1289
1.14,12,128,0.234244,0.205477,0.113648,0.0071533,3.67305,0.116891,3.2083,0.025543,1.0285
1.145,12,128,0.329576,0.287839,0.11153,0.0078927,4.90516,0.124211,3.2833,0.026574,1.1137
1.15,12,128,0.285449,0.248216,0.098258,0.0078319,3.90714,0.126109,3.2083,0.026954,1.2835
1.155,12,128,0.464049,0.401774,0.076639,0.0071456,3.55991,0.126351,3.2083,0.02775,1.6487
1.16,12,128,0.112835,0.097271,0.053571,0.0059572,3.56647,0.132467,3.3083,0.028769,2.4727
1.165,12,128,0.116751,0.100216,0.034083,0.0043571,3.30847,0.133057,3.3333,0.029156,3.9039
1.17,12,128,0.203028,0.173528,0.021073,0.0029735,3.92326,0.132742,3.3,0.029682,6.2991
1.175,12,128,0.358082,0.30475,0.015355,0.0023735,4.10632,0.136872,3.4,0.030648,8.9138
1.18,12,128,0.160036,0.135624,0.013632,0.0022102,3.85892,0.140189,3.45,0.031174,10.2841
1.185,12,128,0.128302,0.108272,0.017437,0.0027393,4.67024,0.140264,3.3833,0.031708,8.0439
1.19,12,128,0.226882,0.190657,0.024415,0.0035176,3.85871,0.142861,3.5917,0.032357,5.8513
1.195,12,128,0.110558,0.092517,0.031346,0.004291,4.01657,0.146878,3.4083,0.032934,4.6857
1.2,12,128,0.085514,0.071262,0.037968,0.0050564,5.17023,0.145939,3.4583,0.033603,3.8438
1.205,12,128,0.271985,0.225714,0.047242,0.0059787,5.96066,0.146345,3.5167,0.034442,3.0978
1.21,12,128,0.153156,0.126575,0.056967,0.0068866,4.54221,0.150357,3.525,0.03489,2.6394
1.215,12,128,0.175743,0.144645,0.065558,0.0074836,3.58768,0.15102,3.5667,0.035611,2.3036
1.22,12,128,0.160322,0.131411,0.073352,0.0081857,3.84423,0.153308,3.6083,0.03606,2.09
1.225,12,128,0.250777,0.204716,0.08018,0.008544,5.23865,0.157756,3.7333,0.03687,1.9675
1.23,12,128,0.208544,0.169548,0.089585,0.0091687,5.72621,0.159293,3.7083,0.037349,1.7781
1.235,12,128,-0.065402,-0.052957,0.095235,0.0095904,4.86118,0.161808,3.675,0.03798,1.699
1.24,12,128,0.025282,0.020389,0.105819,0.0101853,4.62369,0.162912,3.7083,0.038783,1.5395
1.245,12,128,0.245753,0.197392,0.114119,0.0103936,4.38228,0.162367,3.775,0.039208,1.4228
1.25,12,128,0.302602,0.242082,0.119769,0.0107099,5.13261,0.167009,3.7417,0.039962,1.3944
1.255,12,128,0.100914,0.08041,0.127577,0.0112479,3.82701,0.169602,3.85,0.040644,1.3294
1.26,12,128,0.081385,0.064591,0.134377,0.0114832,3.87187,0.171996,3.875,0.041177,1.28
1.265,12,128,0.175593,0.138809,0.14203,0.0114319,4.75442,0.171965,3.8333,0.042046,1.2108
1.27,12,128,0.171385,0.134949,0.141852,0.0114616,4.1834,0.173987,3.8583,0.042439,1.2265
1.275,12,128,-0.095764,-0.075109,0.148809,0.0118268,3.87784,0.177231,3.8417,0.043028,1.191
1.28,12,128,0.197482,0.154283,0.152756,0.0118964,3.19502,0.174431,3.85,0.043681,1.1419
1.13,13,128,0.058112,0.051426,0.060427,0.003968,4.30049,0.118164,3.1583,0.024245,1.9555
1.135,13,128,-0.071745,-0.063212,0.112971,0.0053617,6.20751,0.119935,3.0833,0.02536,1.0616
1.14,13,128,0.078498,0.068858,0.12109,0.0072247,4.71485,0.123436,3.0583,0.025782,1.0194
1.145,13,128,0.148032,0.129286,0.116902,0.0079153,5.16462,0.122658,3.0667,0.026395,1.0492
1.15,13,128,0.16794,0.146035,0.099301,0.0077639,4.2292,0.122229,3.2167,0.027315,1.2309
1.155,13,128,0.082756,0.07165,0.071257,0.0069309,4.05089,0.128244,3.2083,0.028016,1.7997
1.16,13,128,0.313638,0.270378,0.051769,0.0058115,4.08495,0.13152,3.2583,0.028337,2.5405
1.165,13,128,0.159587,0.136985,0.033699,0.004361,4.18231,0.136284,3.3,0.029332,4.0441
1.17,13,128,0.13282,0.113521,0.021495,0.0031538,3.96101,0.133065,3.325,0.029682,6.1905
1.175,13,128,0.215784,0.183646,0.014934,0.0024138,3.50976,0.134121,3.325,0.03027,8.9808
1.18,13,128,0.317015,0.268657,0.014426,0.00243,3.38312,0.138109,3.4,0.030958,9.5736
1.185,13,128,0.376762,0.317943,0.018021,0.0028948,4.24101,0.136242,3.4,0.031611,7.5602
1.19,13,128,0.075034,0.063054,0.025222,0.0035747,5.06107,0.136809,3.4333,0.032066,5.4241
1.195,13,128,0.262951,0.220042,0.031656,0.0044512,5.42549,0.142389,3.55,0.032884,4.498
1.2,13,128,0.068639,0.057199,0.03982,0.0053402,5.51694,0.147799,3.5167,0.033694,3.7117
1.205,13,128,0.074438,0.061774,0.047425,0.0060149,4.53464,0.151117,3.4917,0.034348,3.1864
1.21,13,128,0.053622,0.044315,0.054549,0.0065256,3.58645,0.147198,3.5667,0.034643,2.6985
1.215,13,128,0.199012,0.163796,0.062987,0.0073029,4.15926,0.150579,3.5667,0.035243,2.3906
1.22,13,128,0.048058,0.039392,0.070737,0.0077938,3.97391,0.152309,3.5833,0.035934,2.1532
1.225,13,128,0.264906,0.216249,0.079729,0.008453,3.84082,0.159091,3.7,0.036878,1.9954
1.23,13,128,0.309881,0.251935,0.08705,0.0087725,4.53415,0.161705,3.575,0.037304,1.8576
1.235,13,128,0.096661,0.078268,0.095353,0.0093481,4.7363,0.159008,3.7917,0.038208,1.6676
1.24,13,128,0.172376,0.139013,0.105648,0.00983,4.23125,0.16279,3.7417,0.038641,1.5409
1.245,13,128,0.041716,0.033507,0.114596,0.0100098,3.49987,0.164439,3.8083,0.039099,1.4349
1.25,13,128,0.234333,0.187466,0.120784,0.0104996,3.28213,0.168828,3.7917,0.040046,1.3978
1.255,13,128,0.315348,0.251274,0.128283,0.010805,3.86489,0.16955,3.6917,0.040884,1.3217
1.26,13,128,0.151516,0.12025,0.133402,0.0110245,3.76646,0.169355,3.7333,0.04122,1.2695
1.265,13,128,0.003742,0.002958,0.136719,0.0112728,3.87694,0.173775,3.7,0.041945,1.271
1.27,13,128,0.033223,0.02616,0.143969,0.0116175,4.01359,0.174843,3.8917,0.042417,1.2144
1.275,13,128,0.086396,0.067761,0.147845,0.0117903,4.02515,0.174705,3.725,0.042981,1.1817
1.28,13,128,0.163729,0.127913,0.148616,0.0120322,4.14065,0.176017,3.825,0.043728,1.1844
1.13,14,128,0.173304,0.153367,0.064084,0.004029,5.46207,0.115989,3.05,0.024682,1.81
1.135,14,128,0.208461,0.183666,0.105488,0.005217,4.43579,0.115349,3.0833,0.02516,1.0935
1.14,14,128,0.033456,0.029347,0.110153,0.007322,6.40403,0.119501,3.1667,0.025542,1.0849
1.145,14,128,0.288114,0.251628,0.124341,0.0080362,4.65666,0.124384,3.2917,0.026667,1.0003
1.15,14,128,0.232371,0.202062,0.104902,0.0080202,4.44912,0.128849,3.175,0.027053,1.2283
1.155,14,128,-0.166834,-0.144445,0.073643,0.007023,5.99307,0.124837,3.2,0.027882,1.6952
1.16,14,128,0.124813,0.107598,0.048158,0.005478,4.69345,0.130734,3.2667,0.028657,2.7147
1.165,14,128,0.154686,0.132777,0.031655,0.0041303,4.56172,0.132774,3.3333,0.029428,4.1944
1.17,14,128,0.306627,0.262075,0.020533,0.0029402,3.54657,0.131013,3.2917,0.029793,6.3805
1.175,14,128,0.280427,0.238661,0.014273,0.0023375,3.60861,0.132421,3.4,0.030336,9.2776
1.18,14,128,0.098649,0.083601,0.014136,0.002366,3.75471,0.136255,3.3583,0.030822,9.6391
1.185,14,128,0.288134,0.243151,0.017419,0.0026998,4.77404,0.14018,3.4667,0.031732,8.0474
1.19,14,128,0.098306,0.08261,0.021951,0.0032663,4.48159,0.140391,3.4417,0.032197,6.3958
1.195,14,128,0.426227,0.356675,0.030892,0.0042011,4.84026,0.142752,3.3917,0.032782,4.621
1.2,14,128,0.065759,0.054799,0.03903,0.0051008,3.80628,0.144119,3.5,0.03369,3.6925
1.205,14,128,0.200637,0.166504,0.048375,0.0061241,5.1761,0.147233,3.5333,0.034187,3.0436
1.21,14,128,-0.025496,-0.021071,0.058685,0.0069693,4.86729,0.150462,3.5417,0.035034,2.5639
1.215,14,128,-0.017819,-0.014666,0.068312,0.0076239,5.71595,0.153262,3.5167,0.035562,2.2436
1.22,14,128,0.14232,0.116656,0.074162,0.0081251,5.60442,0.154877,3.5917,0.035883,2.0884
1.225,14,128,0.324649,0.265019,0.083888,0.0087536,5.95589,0.156953,3.5917,0.036776,1.871
1.23,14,128,0.162799,0.132357,0.092353,0.0093173,4.94339,0.161033,3.7417,0.037487,1.7437
1.235,14,128,0.074567,0.060378,0.099056,0.0099697,4.58035,0.160274,3.6083,0.037837,1.618
1.24,14,128,0.190219,0.153402,0.104359,0.0101303,5.11991,0.162995,3.7917,0.038417,1.5619
1.245,14,128,0.217496,0.174696,0.111362,0.0104781,4.68979,0.166469,3.8333,0.039451,1.4948
1.25,14,128,0.367218,0.293774,0.117833,0.0105069,4.16466,0.16678,3.775,0.039838,1.4154
1.255,14,128,0.21998,0.175283,0.123901,0.0107155,4.54096,0.167643,3.8083,0.040519,1.353
1.26,14,128,-0.033938,-0.026935,0.133997,0.0108179,4.43733,0.171567,3.75,0.041178,1.2804
1.265,14,128,0.076287,0.060306,0.139128,0.0111144,4.94961,0.173031,3.925,0.041764,1.2437
1.27,14,128,0.073953,0.058231,0.142518,0.011204,3.99518,0.172151,3.9,0.04236,1.2079
1.275,14,128,0.173479,0.136062,0.143564,0.0117333,3.5967,0.174148,3.975,0.042922,1.213
1.28,14,128,0.227996,0.178122,0.146992,0.0117403,4.25197,0.180845,3.9083,0.043656,1.2303
1.13,15,128,0.137045,0.121279,0.058284,0.0039033,4.15465,0.119159,3.175,0.024757,2.0444
1.135,15,128,0.002927,0.002579,0.089576,0.0054272,4.43578,0.116555,3.1917,0.024786,1.3012
1.14,15,128,0.272667,0.239182,0.118947,0.0071316,5.10467,0.11849,3.2083,0.026061,0.9962
1.145,15,128,0.31939,0.278943,0.124122,0.0081948,4.04157,0.123232,3.175,0.026312,0.9928
1.15,15,128,0.27355,0.237869,0.103246,0.0080002,4.43649,0.127771,3.175,0.027224,1.2375
1.155,15,128,0.271157,0.234768,0.073813,0.0068815,3.96482,0.130857,3.25,0.027666,1.7728
1.16,15,128,0.203193,0.175166,0.050405,0.0057256,5.11303,0.134624,3.3167,0.028408,2.6709
1.165,15,128,0.076151,0.065366,0.03294,0.004367,4.87564,0.133908,3.3583,0.029116,4.0652
1.17,15,128,0.13306,0.113726,0.021041,0.003098,3.91435,0.130765,3.3167,0.029598,6.2149
1.175,15,128,0.219559,0.186858,0.01425,0.0022882,4.22862,0.132968,3.375,0.030113,9.3311
1.18,15,128,-0.062222,-0.05273,0.014435,0.00231,5.536,0.135298,3.2917,0.030841,9.3727
1.185,15,128,0.221366,0.186807,0.018086,0.0027754,4.43803,0.138159,3.3333,0.031945,7.639
1.19,15,128,0.192956,0.162148,0.024614,0.0035724,5.27201,0.142611,3.3833,0.032509,5.7939
1.195,15,128,0.207124,0.173326,0.032123,0.0044824,4.81183,0.145228,3.4917,0.032763,4.5211
1.2,15,128,0.284946,0.237455,0.041202,0.0053462,5.06777,0.147922,3.5083,0.033707,3.5902
1.205,15,128,0.147759,0.122622,0.047127,0.0060394,5.73537,0.144244,3.4417,0.034284,3.0608
1.21,15,128,0.079492,0.065696,0.057769,0.0069439,4.915,0.151359,3.5583,0.034768,2.6201
1.215,15,128,0.146538,0.120607,0.064775,0.0073687,4.63062,0.153885,3.5583,0.035532,2.3757
1.22,15,128,0.110091,0.090239,0.073687,0.0081373,5.27586,0.153913,3.6083,0.036277,2.0888
1.225,15,128,0.122632,0.100107,0.079655,0.0085766,4.0869,0.157363,3.5417,0.036991,1.9756
1.23,15,128,0.141221,0.114814,0.086425,0.0090332,3.75201,0.158139,3.5417,0.037407,1.8298
1.235,15,128,0.097228,0.078727,0.094855,0.0093844,3.51688,0.16097,3.625,0.038085,1.697
1.24,15,128,0.044106,0.03557,0.100727,0.009721,3.63543,0.161228,3.725,0.038754,1.6006
1.245,15,128,0.02735,0.021968,0.106051,0.0101565,3.51639,0.16634,3.7917,0.039464,1.5685
1.25,15,128,0.116403,0.093122,0.111167,0.0104897,4.39871,0.163818,3.7333,0.040178,1.4736
1.255,15,128,0.277881,0.221419,0.116213,0.0103113,3.88512,0.168932,3.825,0.040696,1.4536
1.26,15,128,-0.087381,-0.06935,0.118305,0.0107557,4.57775,0.167892,3.8083,0.041201,1.4191
1.265,15,128,0.157187,0.124258,0.126287,0.011052,4.54566,0.170594,3.8,0.041951,1.3508
1.27,15,128,-0.031038,-0.024439,0.134674,0.0112857,4.01834,0.175209,3.875,0.042623,1.301
1.275,15,128,0.084619,0.066368,0.144364,0.0115838,3.72984,0.177247,3.9917,0.043116,1.2278
1.28,15,128,0.174402,0.136252,0.151903,0.01171,3.99811,0.178847,3.9583,0.043638,1.1774
1.13,16,128,0.274201,0.242656,0.060766,0.0038152,4.75309,0.12072,3.0833,0.024636,1.9866
1.135,16,128,0.152531,0.134388,0.089319,0.0053396,3.64948,0.119286,3.0667,0.025321,1.3355
1.14,16,128,0.176064,0.154442,0.11491,0.006984,4.35519,0.122251,3.275,0.026062,1.0639
1.145,16,128,0.389476,0.340154,0.124556,0.0079964,4.07406,0.120847,3.1167,0.026523,0.9702
1.15,16,128,0.365248,0.317607,0.098723,0.0080276,4.79904,0.1269,3.2583,0.026831,1.2854
1.155,16,128,0.17629,0.152632,0.076698,0.0071928,3.96312,0.125581,3.3583,0.027869,1.6373
1.16,16,128,0.13633,0.117525,0.050503,0.0057462,3.8096,0.130103,3.35,0.02837,2.5761
1.165,16,128,0.164208,0.140951,0.03295,0.0042521,5.61856,0.129593,3.225,0.02876,3.933
1.17,16,128,0.136904,0.117012,0.022467,0.0030859,5.25275,0.134687,3.4,0.02978,5.9949
1.175,16,128,0.04492,0.03823,0.015896,0.0024599,3.95569,0.138967,3.5,0.030441,8.7423
1.18,16,128,0.297357,0.251998,0.013624,0.0023102,4.45381,0.138144,3.4667,0.031022,10.1395
1.185,16,128,0.152962,0.129082,0.018635,0.0027941,3.22295,0.142399,3.5083,0.031902,7.6415
1.19,16,128,0.219697,0.18462,0.02609,0.0037203,3.74433,0.142304,3.5,0.032347,5.4543
1.195,16,128,0.131469,0.110016,0.033213,0.0045745,4.48278,0.141062,3.4917,0.032913,4.2472
1.2,16,128,0.148092,0.12341,0.040905,0.0054578,4.06899,0.14628,3.5,0.033353,3.5761
1.205,16,128,0.348353,0.28909,0.047503,0.0061151,5.08808,0.147858,3.475,0.034417,3.1126
1.21,16,128,0.162029,0.133908,0.056336,0.0069862,5.23874,0.148132,3.55,0.034913,2.6295
1.215,16,128,-0.009189,-0.007563,0.064308,0.0076014,4.70694,0.153843,3.5583,0.035595,2.3923
1.22,16,128,0.031774,0.026044,0.071001,0.0082085,4.55585,0.155599,3.65,0.036286,2.1915
1.225,16,128,0.070378,0.057451,0.078184,0.0085963,4.95742,0.155601,3.6583,0.036787,1.9902
1.23,16,128,0.355102,0.288701,0.087198,0.0088706,5.31077,0.158618,3.6667,0.037424,1.8191
1.235,16,128,-0.027586,-0.022337,0.094203,0.0094967,4.52307,0.159221,3.5917,0.038443,1.6902
1.24,16,128,0.035189,0.028378,0.101911,0.0099929,5.02253,0.162729,3.6333,0.038787,1.5968
1.245,16,128,0.078086,0.06272,0.108893,0.0101048,3.68329,0.163251,3.7167,0.03887,1.4992
1.25,16,128,0.339866,0.271893,0.114725,0.0103634,5.51811,0.166171,3.675,0.040109,1.4484
1.255,16,128,0.075269,0.059975,0.125633,0.010875,6.00998,0.168631,3.6083,0.04069,1.3423
1.26,16,128,0.196663,0.156082,0.13257,0.0109876,5.82839,0.168738,3.8167,0.04103,1.2728
1.265,16,128,0.30411,0.240403,0.139559,0.0111304,4.19898,0.170709,3.9,0.041561,1.2232
1.27,16,128,0.228679,0.180062,0.1465,0.0112694,4.3884,0.17656,3.8833,0.042596,1.2052
1.275,16,128,0.199856,0.15675,0.151845,0.0115074,4.95152,0.177269,3.8917,0.042847,1.1674
1.28,16,128,0.325141,0.254016,0.156217,0.0116895,6.27042,0.17791,3.975,0.044042,1.1389
1.13,17,128,0.329417,0.29152,0.056269,0.0038489,5.71495,0.117944,3.0667,0.024454,2.0961
1.135,17,128,0.119429,0.105224,0.087105,0.0052265,4.73516,0.118282,3.1667,0.025189,1.3579
1.14,17,128,0.28034,0.245912,0.141136,0.0069269,6.21038,0.121969,3.225,0.025656,0.8642
1.145,17,128,-0.002805,-0.00245,0.120561,0.0078687,4.38502,0.121884,3.175,0.026559,1.011
1.15,17,128,0.196333,0.170725,0.104251,0.0078729,4.84863,0.123572,3.2917,0.027144,1.1853
1.155,17,128,0.160941,0.139343,0.075849,0.006838,4.70296,0.127096,3.275,0.027978,1.6757
1.16,17,128,0.210308,0.1813,0.04917,0.0054007,3.86221,0.131308,3.2167,0.028226,2.6705
1.165,17,128,0.247707,0.212624,0.034145,0.0043167,4.09757,0.13349,3.35,0.029261,3.9095
1.17,17,128,0.089439,0.076443,0.02233,0.0031337,3.42137,0.134048,3.4083,0.029562,6.0029
1.175,17,128,0.275764,0.234693,0.015081,0.0023876,3.66027,0.137062,3.4,0.030384,9.0882
1.18,17,128,0.129243,0.109528,0.014465,0.0023503,3.76154,0.137395,3.3583,0.030839,9.4982
1.185,17,128,0.089038,0.075138,0.01747,0.0026705,4.3969,0.14243,3.525,0.031728,8.1529
1.19,17,128,0.266934,0.224315,0.023396,0.0033457,4.26377,0.144096,3.4167,0.032465,6.1589
1.195,17,128,0.372411,0.311641,0.030539,0.0043257,4.93615,0.144774,3.4417,0.032795,4.7406
1.2,17,128,0.230541,0.192117,0.039241,0.00512,3.75997,0.144944,3.6,0.033656,3.6937
1.205,17,128,0.075152,0.062367,0.047672,0.0058337,3.8165,0.146529,3.4583,0.034201,3.0737
1.21,17,128,0.22074,0.18243,0.057583,0.0067011,4.47058,0.151741,3.5,0.034886,2.6352
1.215,17,128,0.030076,0.024754,0.064539,0.007381,5.39871,0.151074,3.575,0.03532,2.3408
1.22,17,128,0.339152,0.277994,0.073212,0.0077951,5.45249,0.155464,3.525,0.03638,2.1235
1.225,17,128,0.13756,0.112293,0.080201,0.008439,4.69158,0.154814,3.675,0.036935,1.9303
1.23,17,128,0.0932,0.075772,0.089358,0.0092205,3.91212,0.156043,3.6667,0.037387,1.7463
1.235,17,128,0.350322,0.283661,0.099574,0.00952,4.18295,0.159112,3.75,0.038128,1.5979
1.24,17,128,0.200556,0.161738,0.103385,0.0097632,3.52757,0.162343,3.6667,0.038881,1.5703
1.245,17,128,0.184074,0.147851,0.109686,0.010105,3.87865,0.166737,3.6,0.039423,1.5201
1.25,17,128,0.140695,0.112556,0.116925,0.0103117,3.90798,0.167542,3.85,0.039944,1.4329
1.255,17,128,-0.048388,-0.038556,0.12348,0.0104683,4.47633,0.167339,3.875,0.040681,1.3552
1.26,17,128,0.227631,0.180659,0.124616,0.0108021,4.04232,0.170059,3.775,0.041162,1.3647
1.265,17,128,0.201517,0.159302,0.137283,0.0112137,3.89979,0.173653,3.9333,0.04203,1.2649
1.27,17,128,-0.094731,-0.074591,0.13525,0.0113935,4.39266,0.174717,3.9667,0.042546,1.2918
1.275,17,128,0.111481,0.087436,0.141224,0.0116728,4.13416,0.176633,4.0083,0.043335,1.2507
1.28,17,128,0.146864,0.114738,0.146424,0.0118231,3.94052,0.178207,3.8833,0.043562,1.2171
1.13,18,128,0.275779,0.244053,0.060377,0.0038718,4.74065,0.117688,3.125,0.024663,1.9492
1.135,18,128,0.186192,0.164046,0.118077,0.0052137,4.97692,0.121827,3.1,0.025475,1.0318
1.14,18,128,0.300571,0.263659,0.112786,0.0072378,3.79397,0.118796,3.1583,0.026109,1.0533
1.145,18,128,0.180874,0.157968,0.118068,0.0081349,3.95627,0.127962,3.2083,0.026712,1.0838
1.15,18,128,0.211602,0.184002,0.095027,0.007884,4.00511,0.124913,3.1917,0.027203,1.3145
1.155,18,128,0.325743,0.282029,0.072161,0.0069328,4.32274,0.124698,3.1583,0.027784,1.728
1.16,18,128,-0.038321,-0.033035,0.048023,0.0056146,5.22986,0.130652,3.3333,0.028384,2.7206
1.165,18,128,0.078218,0.06714,0.032722,0.0042897,5.34232,0.133732,3.275,0.029151,4.0869
1.17,18,128,0.121463,0.103815,0.020304,0.0029504,4.12472,0.132695,3.3083,0.029677,6.5355
1.175,18,128,0.172203,0.146556,0.01375,0.0023021,3.99611,0.13865,3.3167,0.03053,10.0835
1.18,18,128,0.179405,0.152038,0.013607,0.0023002,4.7164,0.137657,3.3333,0.030893,10.1168
1.185,18,128,0.256234,0.216231,0.018757,0.0029423,4.71417,0.13978,3.4833,0.031507,7.4522
1.19,18,128,0.167227,0.140527,0.025091,0.0037242,4.33012,0.139243,3.3667,0.032454,5.5494
1.195,18,128,0.238393,0.199492,0.034029,0.0045526,4.57226,0.143224,3.5,0.03286,4.2089
1.2,18,128,0.004542,0.003785,0.042658,0.0055697,4.45664,0.146246,3.5667,0.033742,3.4284
1.205,18,128,0.097178,0.080646,0.052126,0.0063118,4.43992,0.150234,3.5833,0.034372,2.8821
1.21,18,128,0.022834,0.018871,0.060312,0.0070233,4.66464,0.152323,3.5583,0.034825,2.5256
1.215,18,128,0.177255,0.145889,0.067374,0.0076541,4.79337,0.150753,3.5333,0.035393,2.2375
1.22,18,128,0.079469,0.065139,0.076048,0.008221,4.71897,0.153887,3.6083,0.036268,2.0236
1.225,18,128,0.237514,0.193889,0.085075,0.0087179,4.19937,0.156013,3.6917,0.036585,1.8338
1.23,18,128,0.331288,0.26934,0.092064,0.0092256,6.77455,0.158676,3.825,0.037201,1.7235
1.235,18,128,0.16203,0.131198,0.097783,0.0095216,5.19854,0.158044,3.6917,0.03808,1.6163
1.24,18,128,0.248429,0.200346,0.108477,0.0101151,5.59609,0.16044,3.6667,0.038734,1.479
1.245,18,128,0.024672,0.019817,0.117333,0.0104697,4.42567,0.16344,3.675,0.03938,1.393
1.25,18,128,0.299053,0.239242,0.123242,0.0108875,3.99399,0.168013,3.875,0.040102,1.3633
1.255,18,128,-0.049898,-0.039759,0.129076,0.0111782,4.45994,0.172418,3.8083,0.04075,1.3358
1.26,18,128,0.121533,0.096454,0.137259,0.0113449,4.20842,0.168278,3.775,0.041173,1.226
1.265,18,128,0.132541,0.104775,0.141561,0.0114582,4.7796,0.173095,3.85,0.041708,1.2228
1.27,18,128,0.188688,0.148573,0.14408,0.0114245,5.34621,0.177923,4.0667,0.042653,1.2349
1.275,18,128,0.260381,0.204221,0.15004,0.0116375,4.91218,0.174702,3.8417,0.0428,1.1644
1.28,18,128,0.003562,0.002783,0.151671,0.0116491,5.58441,0.176702,3.9833,0.043565,1.165
1.13,19,128,0.121177,0.107236,0.060324,0.0039809,5.11374,0.114773,3.05,0.02465,1.9026
1.135,19,128,0.2529,0.22282,0.093386,0.0052503,5.54308,0.120452,3.175,0.025273,1.2898
1.14,19,128,0.069232,0.06073,0.130315,0.0071438,4.76243,0.118811,3.1667,0.025679,0.9117
1.145,19,128,-0.013339,-0.01165,0.123279,0.0080325,4.98553,0.120285,3.2,0.026403,0.9757
1.15,19,128,0.112066,0.097448,0.106161,0.0078914,5.54665,0.126638,3.3,0.02687,1.1929
1.155,19,128,0.233826,0.202447,0.072821,0.0067787,4.18179,0.131235,3.2417,0.027638,1.8022
1.16,19,128,0.215462,0.185743,0.050283,0.0055821,4.8519,0.128297,3.2833,0.028361,2.5515
1.165,19,128,0.108039,0.092737,0.032186,0.0041581,3.75941,0.12986,3.2667,0.029105,4.0347
1.17,19,128,0.262056,0.223979,0.021113,0.0030279,3.81531,0.136162,3.4167,0.029943,6.4492
1.175,19,128,0.077358,0.065836,0.014934,0.0023831,4.68712,0.136549,3.325,0.030466,9.1437
1.18,19,128,-0.021987,-0.018633,0.013495,0.0022252,3.69085,0.141159,3.3667,0.030849,10.46
1.185,19,128,0.029746,0.025102,0.018487,0.002762,5.1357,0.138554,3.425,0.031605,7.4949
1.19,19,128,0.05063,0.042546,0.023918,0.0034944,5.54165,0.14203,3.5,0.03232,5.9383
1.195,19,128,0.288918,0.241772,0.030423,0.0043196,5.6292,0.14141,3.4667,0.032915,4.6481
1.2,19,128,0.197816,0.164847,0.037456,0.0051686,3.89031,0.144041,3.6083,0.033212,3.8456
1.205,19,128,0.258401,0.214441,0.043885,0.0057211,5.18302,0.143487,3.475,0.034195,3.2696
1.21,19,128,0.091607,0.075709,0.053427,0.0064936,5.82633,0.150948,3.475,0.034902,2.8253
1.215,19,128,0.141625,0.116564,0.06353,0.0073627,4.93435,0.153006,3.4917,0.035432,2.4084
1.22,19,128,-0.060249,-0.049385,0.072622,0.0078583,4.62542,0.156767,3.7167,0.036497,2.1587
1.225,19,128,0.141764,0.115726,0.080116,0.0084524,4.75235,0.156398,3.6917,0.036859,1.9522
1.23,19,128,0.189477,0.154046,0.088902,0.0090743,5.83771,0.159221,3.6083,0.037159,1.791
1.235,19,128,0.297374,0.240789,0.097041,0.0092939,4.59733,0.162497,3.7,0.03824,1.6745
1.24,19,128,0.103735,0.083657,0.104381,0.0097901,4.42486,0.165474,3.6833,0.038699,1.5853
1.245,19,128,0.117302,0.094219,0.111757,0.0100378,6.37287,0.164116,3.7,0.039637,1.4685
1.25,19,128,0.134693,0.107755,0.121268,0.0104961,3.49011,0.166581,3.8917,0.040253,1.3737
1.255,19,128,0.19173,0.152773,0.126598,0.0108141,3.98525,0.168878,3.9167,0.040443,1.334
1.26,19,128,0.067378,0.053474,0.128923,0.0111094,4.17007,0.168175,3.9,0.041203,1.3045
1.265,19,128,0.249204,0.196999,0.138885,0.011263,4.88681,0.173603,3.975,0.041825,1.25
1.27,19,128,0.206519,0.162614,0.140101,0.011317,4.81197,0.173647,3.7167,0.042668,1.2394
1.275,19,128,0.104284,0.081791,0.144759,0.0115007,4.2374,0.175708,3.9333,0.043046,1.2138
1.28,19,128,0.212947,0.166365,0.140939,0.0116454,5.25122,0.177571,3.925,0.043852,1.2599
1.13,20,128,0.169301,0.149824,0.064351,0.0037727,4.27913,0.114902,3.0833,0.024379,1.7856
1.135,20,128,0.102655,0.090445,0.096555,0.0052416,4.47906,0.121067,3.2583,0.025384,1.2539
1.14,20,128,0.099375,0.087171,0.109313,0.0072282,4.09062,0.121822,3.2,0.025885,1.1144
1.145,20,128,0.148946,0.130084,0.119509,0.0079191,4.7723,0.124088,3.3167,0.026437,1.0383
1.15,20,128,0.051737,0.044989,0.096122,0.0079085,4.11969,0.121082,3.1583,0.027154,1.2597
1.155,20,128,0.260254,0.225328,0.068754,0.0067292,4.83748,0.127929,3.2333,0.027699,1.8607
1.16,20,128,0.085359,0.073585,0.047094,0.0054006,4.38154,0.128647,3.2083,0.028502,2.7317
1.165,20,128,-0.061338,-0.05265,0.030914,0.0041801,4.01046,0.133728,3.375,0.02897,4.3258
1.17,20,128,0.192502,0.164532,0.019793,0.0030111,3.77435,0.131759,3.325,0.029648,6.6569
1.175,20,128,0.319816,0.272184,0.014617,0.0023379,3.20885,0.136166,3.275,0.030458,9.3154
1.18,20,128,0.058784,0.049817,0.014671,0.0023304,3.65866,0.139876,3.5167,0.031185,9.5342
1.185,20,128,0.301423,0.254366,0.018621,0.0027757,5.16044,0.141423,3.35,0.031606,7.5948
1.19,20,128,0.083516,0.070182,0.024151,0.003606,5.49378,0.14138,3.4833,0.032219,5.854
1.195,20,128,0.238938,0.199948,0.032,0.0044667,5.96598,0.142761,3.3333,0.03298,4.4613
1.2,20,128,0.280776,0.23398,0.041567,0.0054244,5.30744,0.149062,3.6333,0.033641,3.5861
1.205,20,128,0.133727,0.110977,0.047741,0.0060941,5.25116,0.146533,3.4333,0.03424,3.0693
1.21,20,128,0.202122,0.167043,0.055244,0.0068885,4.81514,0.151276,3.4667,0.03496,2.7383
1.215,20,128,0.343251,0.282512,0.063797,0.007545,4.18657,0.154075,3.55,0.03566,2.4151
1.22,20,128,0.159131,0.130435,0.074244,0.0083246,5.109,0.15166,3.5667,0.03593,2.0427
1.225,20,128,0.239386,0.195417,0.082864,0.0088586,4.81354,0.156624,3.7167,0.036922,1.8901
1.23,20,128,0.077572,0.063067,0.0907,0.0094566,4.35236,0.156531,3.6083,0.037427,1.7258
1.235,20,128,0.193983,0.157071,0.102257,0.0099995,3.73578,0.157545,3.7167,0.037998,1.5407
1.24,20,128,0.242929,0.19591,0.106169,0.0102633,4.22929,0.163377,3.7833,0.038895,1.5388
1.245,20,128,0.303027,0.243395,0.111571,0.0103952,3.97047,0.166044,3.7167,0.039466,1.4882
1.25,20,128,0.229182,0.183346,0.119091,0.0108222,4.54381,0.169506,3.7167,0.039953,1.4233
1.255,20,128,0.362911,0.289172,0.125176,0.0110172,5.08093,0.169847,3.65,0.040578,1.3569
1.26,20,128,0.07089,0.056262,0.131585,0.011038,4.84987,0.169968,3.7583,0.041055,1.2917
1.265,20,128,0.074218,0.05867,0.130396,0.0113656,4.4355,0.171951,3.7583,0.041833,1.3187
1.27,20,128,0.297872,0.234545,0.13218,0.0114319,5.25831,0.174168,3.8667,0.042279,1.3177
1.275,20,128,0.144984,0.113713,0.147976,0.0116331,4.54592,0.178005,4.0,0.042979,1.2029
1.28,20,128,0.30697,0.23982,0.145478,0.0116577,3.16914,0.181435,3.9667,0.043656,1.2472
1.13,21,128,0.139716,0.123643,0.058269,0.0038922,5.22879,0.119064,3.125,0.024239,2.0434
1.135,21,128,0.292829,0.257999,0.100008,0.0052236,3.4745,0.117752,3.0833,0.025089,1.1774
1.14,21,128,0.125626,0.110199,0.121611,0.0068501,4.22212,0.119054,3.1083,0.025605,0.979
1.145,21,128,-0.065717,-0.057394,0.120477,0.0080203,5.43874,0.125263,3.175,0.02649,1.0397
1.15,21,128,0.025825,0.022457,0.103733,0.0078785,6.13114,0.126415,3.0917,0.027063,1.2187
1.155,21,128,0.339868,0.294258,0.075368,0.0068735,4.58668,0.126557,3.35,0.02763,1.6792
1.16,21,128,0.003024,0.002607,0.051313,0.0057792,5.51668,0.127818,3.2833,0.027915,2.491
1.165,21,128,0.095191,0.081709,0.035142,0.0045336,5.49015,0.12843,3.3083,0.028962,3.6546
1.17,21,128,0.059282,0.050668,0.021831,0.0031649,3.90572,0.134833,3.4167,0.029751,6.1762
1.175,21,128,0.063542,0.054078,0.015224,0.0024198,4.5719,0.137786,3.4,0.030455,9.0504
1.18,21,128,0.266917,0.2262,0.013012,0.0021574,3.64025,0.137104,3.3417,0.031119,10.5371
1.185,21,128,0.098419,0.083054,0.01607,0.0024854,3.86361,0.139805,3.4083,0.031507,8.6999
1.19,21,128,0.192997,0.162183,0.021561,0.0032516,3.47707,0.142929,3.4167,0.032548,6.629
1.195,21,128,0.215046,0.179955,0.029897,0.0043674,4.41013,0.142752,3.4667,0.032753,4.7748
1.2,21,128,-0.064658,-0.053882,0.037738,0.0052228,4.23086,0.146278,3.5083,0.033615,3.8762
1.205,21,128,0.208607,0.173118,0.047062,0.0061314,3.96086,0.149904,3.5667,0.034401,3.1852
1.21,21,128,0.163284,0.134946,0.055936,0.0069349,4.16043,0.149643,3.625,0.035052,2.6753
1.215,21,128,0.073212,0.060257,0.063357,0.0075055,4.18922,0.150538,3.4833,0.035371,2.376
1.22,21,128,0.179846,0.147415,0.073159,0.0079691,3.64969,0.154056,3.7167,0.036072,2.1058
1.225,21,128,0.029896,0.024405,0.081699,0.0087229,4.53528,0.157471,3.6667,0.036952,1.9275
1.23,21,128,0.137779,0.112016,0.088643,0.0091865,4.72032,0.160638,3.65,0.037653,1.8122
1.235,21,128,0.314593,0.254731,0.096564,0.0095583,4.97631,0.157216,3.6667,0.038044,1.6281
1.24,21,128,0.080794,0.065157,0.104578,0.0100611,4.3831,0.163935,3.7083,0.038627,1.5676
1.245,21,128,0.249665,0.200534,0.108667,0.0103573,4.38914,0.1627,3.7917,0.03929,1.4972
1.25,21,128,0.24576,0.196608,0.117787,0.0106395,5.78497,0.168215,3.6417,0.03998,1.4281
1.255,21,128,0.223527,0.178109,0.12307,0.0109906,6.1243,0.17052,3.8167,0.040592,1.3856
1.26,21,128,-0.011772,-0.009343,0.133122,0.011198,6.0264,0.172248,3.8333,0.041342,1.2939
1.265,21,128,0.288969,0.228434,0.139923,0.0113205,4.82933,0.172823,3.775,0.041932,1.2351
1.27,21,128,0.132179,0.104078,0.140829,0.011617,4.56487,0.173776,3.85,0.042409,1.234
1.275,21,128,0.173466,0.136052,0.14878,0.0117376,4.71793,0.177905,3.9833,0.043115,1.1958
1.28,21,128,0.368064,0.28755,0.154067,0.0118898,5.27148,0.177839,4.0917,0.043739,1.1543
1.13,22,128,0.350699,0.310353,0.061422,0.0039269,4.11955,0.113754,3.125,0.024401,1.852
1.135,22,128,0.064894,0.057175,0.124302,0.0052688,4.83422,0.113382,3.1167,0.025171,0.9122
1.14,22,128,0.335524,0.294319,0.120444,0.0071226,4.5122,0.122414,3.1917,0.025629,1.0164
1.145,22,128,0.16151,0.141057,0.120084,0.0081885,4.13234,0.122233,3.1833,0.026387,1.0179
1.15,22,128,0.434316,0.377666,0.101508,0.0077293,4.07296,0.122726,3.1583,0.027237,1.209
1.155,22,128,0.217357,0.188188,0.072844,0.0068695,3.64215,0.130573,3.2917,0.027558,1.7925
1.16,22,128,0.044169,0.038077,0.049797,0.0055199,4.42038,0.128892,3.2417,0.02854,2.5883
1.165,22,128,0.219339,0.188274,0.03371,0.0042882,3.71754,0.134313,3.2667,0.029323,3.9844
1.17,22,128,0.031033,0.026524,0.021193,0.0030719,4.39372,0.135581,3.2917,0.029941,6.3976
1.175,22,128,0.210078,0.17879,0.016079,0.0025224,4.27557,0.134098,3.4167,0.030509,8.3401
1.18,22,128,0.164164,0.139122,0.014349,0.0023543,4.21386,0.135581,3.3333,0.031021,9.4485
1.185,22,128,0.246154,0.207725,0.018097,0.0028,4.79964,0.139699,3.3583,0.031776,7.7193
1.19,22,128,0.146107,0.122779,0.023028,0.0034918,4.34526,0.141425,3.3833,0.032208,6.1414
1.195,22,128,0.010386,0.008691,0.029421,0.0042021,4.91604,0.145321,3.525,0.032833,4.9394
1.2,22,128,0.149671,0.124725,0.038155,0.0052497,4.74537,0.144146,3.5583,0.033539,3.7779
1.205,22,128,0.375124,0.311306,0.047411,0.0061651,3.36679,0.149364,3.4917,0.034134,3.1504
1.21,22,128,0.134748,0.111362,0.057835,0.0070461,5.10104,0.151991,3.5417,0.034875,2.628
1.215,22,128,0.155589,0.128057,0.064995,0.0076631,5.45758,0.153133,3.6833,0.035776,2.3561
1.22,22,128,0.372438,0.305277,0.075264,0.0083188,4.85289,0.154222,3.5833,0.036075,2.0491
1.225,22,128,0.280116,0.228666,0.084074,0.0087504,4.54562,0.157472,3.625,0.036841,1.873
1.23,22,128,0.184852,0.150286,0.090479,0.0090373,4.40647,0.155623,3.6917,0.037276,1.72
1.235,22,128,0.149606,0.121139,0.097478,0.0096208,5.60189,0.159501,3.7667,0.037931,1.6363
1.24,22,128,0.190623,0.153728,0.103295,0.0100276,4.64241,0.162864,3.7583,0.038533,1.5767
1.245,22,128,0.148906,0.119603,0.109295,0.010299,6.21364,0.160817,3.7083,0.039102,1.4714
1.25,22,128,0.175286,0.140229,0.114607,0.0105479,4.95335,0.161251,3.6417,0.039866,1.407
1.255,22,128,0.016844,0.013421,0.123191,0.0106901,4.34056,0.169706,3.8917,0.040577,1.3776
1.26,22,128,0.221029,0.17542,0.133747,0.0109691,5.08327,0.17284,3.8167,0.041194,1.2923
1.265,22,128,0.064683,0.051133,0.134279,0.0114222,5.52309,0.173234,3.9417,0.041879,1.2901
1.27,22,128,0.009769,0.007692,0.134659,0.0113676,4.83608,0.176849,3.875,0.042497,1.3133
1.275,22,128,0.23991,0.188164,0.131083,0.0114699,3.69528,0.18078,3.8083,0.043252,1.3791
1.28,22,128,0.235019,0.183609,0.136298,0.0115957,5.13287,0.181271,3.875,0.043535,1.33
1.13,23,128,0.222943,0.197294,0.069234,0.003907,5.05333,0.115448,3.0833,0.024396,1.6675
1.135,23,128,0.218483,0.192496,0.093457,0.0051979,4.60953,0.118334,3.15,0.024951,1.2662
1.14,23,128,0.124797,0.109471,0.107574,0.007245,4.42447,0.121728,3.225,0.025505,1.1316
1.145,23,128,0.242787,0.212041,0.118331,0.0083274,4.51014,0.122451,3.2917,0.026489,1.0348
1.15,23,128,0.225515,0.1961,0.102705,0.0080094,3.8919,0.124627,3.2583,0.027038,1.2134
1.155,23,128,0.287123,0.248592,0.073468,0.0069786,4.45421,0.126928,3.275,0.027692,1.7277
1.16,23,128,0.00395,0.003405,0.048792,0.0055622,3.36091,0.127454,3.3417,0.028216,2.6122
1.165,23,128,0.290519,0.249373,0.032262,0.0042682,4.66965,0.133695,3.2333,0.029019,4.144
1.17,23,128,0.380798,0.325468,0.020728,0.0030062,5.41846,0.132645,3.3917,0.029757,6.3993
1.175,23,128,0.183204,0.155919,0.014309,0.0022563,4.20651,0.132583,3.3333,0.030319,9.2658
1.18,23,128,0.175179,0.148457,0.013683,0.0021676,3.9383,0.140776,3.375,0.031125,10.2887
1.185,23,128,0.20363,0.17184,0.01664,0.0025637,3.42793,0.141727,3.45,0.031885,8.5173
1.19,23,128,0.246808,0.207402,0.023453,0.0033618,4.50267,0.139149,3.3417,0.032173,5.933
1.195,23,128,0.267395,0.223762,0.028584,0.0039649,3.31188,0.141357,3.475,0.032827,4.9454
1.2,23,128,-0.099044,-0.082537,0.035905,0.0048036,3.99235,0.144886,3.5917,0.0337,4.0352
1.205,23,128,0.068332,0.056707,0.044383,0.0057844,3.14214,0.148091,3.4917,0.034147,3.3367
1.21,23,128,0.182717,0.151006,0.051793,0.0065308,3.81137,0.148761,3.7083,0.034864,2.8722
1.215,23,128,0.132137,0.108755,0.060499,0.0072927,3.66318,0.150238,3.575,0.035373,2.4833
1.22,23,128,0.301848,0.247416,0.069446,0.0078888,4.12615,0.154353,3.625,0.036371,2.2226
1.225,23,128,-0.033534,-0.027375,0.077591,0.0085191,4.24006,0.155577,3.525,0.036632,2.0051
1.23,23,128,0.244917,0.199119,0.085482,0.0087488,5.00406,0.161017,3.675,0.037685,1.8836
1.235,23,128,0.037548,0.030403,0.092648,0.0092142,6.47492,0.158445,3.6833,0.037877,1.7102
1.24,23,128,-0.063222,-0.050986,0.099236,0.0096437,6.75254,0.162584,3.7083,0.038566,1.6384
1.245,23,128,0.266068,0.213709,0.104773,0.0099023,5.41865,0.162015,3.725,0.039015,1.5463
1.25,23,128,0.241986,0.193589,0.112125,0.0104459,5.63747,0.167357,3.7167,0.040097,1.4926
1.255,23,128,0.15834,0.126167,0.118827,0.0107189,4.8171,0.168432,3.85,0.040694,1.4175
1.26,23,128,0.206588,0.163959,0.129596,0.0110353,4.73981,0.168483,3.775,0.041128,1.3001
1.265,23,128,-0.121651,-0.096166,0.135841,0.0113504,4.48331,0.174552,3.8083,0.04175,1.285
1.27,23,128,-0.085858,-0.067604,0.143373,0.0114479,4.03561,0.170733,3.8083,0.042365,1.1908
1.275,23,128,-0.0255,-0.02,0.146439,0.0115655,4.93423,0.176295,3.8333,0.043161,1.2039
1.28,23,128,-0.028003,-0.021877,0.145287,0.0116792,3.85015,0.176519,3.9083,0.043621,1.215
1.13,24,128,0.141735,0.125429,0.063522,0.0039826,4.12689,0.114987,3.075,0.024339,1.8102
1.135,24,128,0.140179,0.123505,0.085425,0.0052063,4.37303,0.118026,3.1333,0.025086,1.3816
1.14,24,128,0.198581,0.174194,0.107642,0.0072771,3.6299,0.119907,3.1333,0.02569,1.1139
1.145,24,128,0.224209,0.195816,0.116571,0.0079536,4.22975,0.124124,3.225,0.026697,1.0648
1.15,24,128,0.262317,0.228101,0.0983,0.00814,5.08911,0.122941,3.2583,0.027162,1.2507
1.155,24,128,0.358418,0.310319,0.073517,0.007018,5.02377,0.126574,3.325,0.027614,1.7217
1.16,24,128,0.465894,0.401632,0.051258,0.0057473,5.11558,0.128536,3.2,0.028474,2.5076
1.165,24,128,0.075702,0.06498,0.032709,0.00428,4.59732,0.133444,3.2167,0.029242,4.0797
1.17,24,128,0.24837,0.212282,0.02212,0.0031519,4.46814,0.133541,3.3167,0.029974,6.0372
1.175,24,128,0.335631,0.285644,0.015544,0.0024117,3.98609,0.137086,3.4167,0.030344,8.8194
1.18,24,128,0.223139,0.189101,0.015967,0.0025317,3.86626,0.139112,3.3917,0.030763,8.7125
1.185,24,128,-0.130906,-0.110469,0.019281,0.003023,4.87394,0.138666,3.35,0.031763,7.1917
1.19,24,128,0.342722,0.288002,0.026049,0.0038173,5.20887,0.144624,3.4417,0.032193,5.552
1.195,24,128,-0.075084,-0.062832,0.034138,0.0046096,4.90707,0.148567,3.475,0.032956,4.3519
1.2,24,128,0.093127,0.077605,0.040723,0.0052918,5.25394,0.14472,3.5333,0.033783,3.5537
1.205,24,128,0.404129,0.335377,0.048209,0.0060552,4.5866,0.146706,3.5417,0.034268,3.0431
1.21,24,128,0.199339,0.164743,0.057884,0.0070165,4.66524,0.149895,3.5667,0.035194,2.5896
1.215,24,128,0.185885,0.152992,0.066183,0.00767,4.66569,0.152473,3.4667,0.03557,2.3038
1.22,24,128,-0.013663,-0.011199,0.076671,0.0084542,4.89572,0.153083,3.6167,0.035992,1.9966
1.225,24,128,0.120142,0.098075,0.084613,0.0091393,3.58241,0.156496,3.6667,0.036791,1.8496
1.23,24,128,0.181888,0.147877,0.094221,0.0094643,5.15071,0.158054,3.675,0.037473,1.6775
1.235,24,128,0.126446,0.102385,0.104282,0.0098083,5.00305,0.162076,3.5167,0.038169,1.5542
1.24,24,128,0.132709,0.107024,0.109571,0.0101509,4.1141,0.16272,3.7083,0.03886,1.4851
1.245,24,128,0.108748,0.087348,0.112337,0.0105261,4.26273,0.163008,3.9083,0.039453,1.4511
1.25,24,128,0.135362,0.10829,0.119986,0.0108186,4.3511,0.164008,3.7083,0.039702,1.3669
1.255,24,128,0.287673,0.229221,0.128321,0.0111427,3.86157,0.16715,3.7417,0.040421,1.3026
1.26,24,128,0.151156,0.119965,0.135696,0.0113241,3.97158,0.173555,3.7667,0.041377,1.279
1.265,24,128,0.093322,0.073772,0.138396,0.011317,4.29166,0.170977,3.85,0.041991,1.2354
1.27,24,128,0.065831,0.051835,0.144749,0.0114671,4.05128,0.174769,3.9167,0.042793,1.2074
1.275,24,128,0.121739,0.095482,0.153328,0.0117607,4.27488,0.175593,3.85,0.042998,1.1452
1.28,24,128,0.30064,0.234875,0.153098,0.0118089,4.33253,0.179353,3.9583,0.043741,1.1715
1.13,25,128,0.051195,0.045305,0.061391,0.0038551,4.36906,0.118248,3.075,0.024527,1.9261
1.135,25,128,0.046161,0.040671,0.102513,0.0052994,4.23399,0.117677,3.1583,0.025023,1.1479
1.14,25,128,0.260414,0.228433,0.117943,0.0069733,5.00684,0.123116,3.1,0.025916,1.0439
1.145,25,128,0.017844,0.015584,0.11202,0.0076944,3.32956,0.12525,3.175,0.026571,1.1181
1.15,25,128,0.348014,0.302621,0.097375,0.0075757,4.97335,0.125225,3.2667,0.027015,1.286
1.155,25,128,0.00967,0.008373,0.072811,0.0067786,4.31398,0.128264,3.275,0.027828,1.7616
1.16,25,128,0.232515,0.200444,0.046422,0.0054423,5.3811,0.129832,3.3083,0.028365,2.7968
1.165,25,128,0.173471,0.148902,0.030235,0.004155,4.52691,0.133074,3.2,0.028808,4.4013
1.17,25,128,0.212954,0.182012,0.01992,0.0029951,5.58893,0.13784,3.375,0.029829,6.9198
1.175,25,128,0.065791,0.055992,0.013672,0.002327,4.26746,0.135403,3.4417,0.030456,9.9039
1.18,25,128,0.15837,0.134212,0.013514,0.0022899,3.66368,0.138024,3.3,0.031151,10.2132
1.185,25,128,0.229644,0.193793,0.01758,0.0028159,3.91448,0.141819,3.375,0.031741,8.0673
1.19,25,128,0.076566,0.064342,0.024472,0.0035792,3.57086,0.142904,3.5083,0.032347,5.8395
1.195,25,128,0.280125,0.234414,0.031542,0.0044255,3.14208,0.145329,3.4833,0.033241,4.6075
1.2,25,128,0.110568,0.09214,0.038212,0.0052333,3.77619,0.147762,3.4833,0.033815,3.8669
1.205,25,128,0.297387,0.246794,0.045523,0.0058951,3.81274,0.153733,3.6,0.034368,3.3771
1.21,25,128,0.089575,0.074029,0.053061,0.0066093,5.49784,0.151875,3.475,0.035043,2.8623
1.215,25,128,0.166573,0.137097,0.061126,0.0071011,5.38106,0.151802,3.5583,0.035783,2.4834
1.22,25,128,-0.062096,-0.050898,0.068545,0.0077569,3.83926,0.156408,3.7,0.035901,2.2818
1.225,25,128,0.079276,0.064715,0.079322,0.008441,4.54386,0.153949,3.5583,0.036835,1.9408
1.23,25,128,0.211094,0.171621,0.086409,0.0087734,5.56891,0.159062,3.7167,0.037705,1.8408
1.235,25,128,0.039317,0.031836,0.092846,0.0093227,4.99248,0.160452,3.725,0.038224,1.7282
1.24,25,128,0.103377,0.083369,0.102543,0.0097858,5.32145,0.162417,3.5833,0.038906,1.5839
1.245,25,128,0.134771,0.10825,0.109049,0.0100596,5.30727,0.162357,3.7083,0.039161,1.4888
1.25,25,128,-0.196102,-0.156882,0.118697,0.0103399,5.37556,0.168536,3.8583,0.039824,1.4199
1.255,25,128,0.099113,0.078975,0.120823,0.0104611,4.37203,0.171291,3.8583,0.040547,1.4177
1.26,25,128,0.134283,0.106574,0.127419,0.0108159,3.90923,0.173788,3.8833,0.040987,1.3639
1.265,25,128,0.25605,0.202411,0.133925,0.0110256,4.0858,0.173742,3.8833,0.041864,1.2973
1.27,25,128,0.031673,0.02494,0.142831,0.0114078,4.00144,0.174318,3.8917,0.042544,1.2204
1.275,25,128,0.034865,0.027345,0.140318,0.0115039,4.93639,0.175269,3.9333,0.043362,1.2491
1.28,25,128,0.136964,0.107003,0.141063,0.0115887,4.99609,0.1816,3.9583,0.043715,1.2874
1.13,26,128,0.127775,0.113075,0.061381,0.003895,4.18168,0.115611,3.0417,0.024458,1.8835
1.135,26,128,0.144025,0.126894,0.08993,0.0053626,4.11809,0.118068,3.225,0.025096,1.3129
1.14,26,128,0.194254,0.170398,0.131509,0.0070664,5.32112,0.119625,3.1417,0.025879,0.9096
1.145,26,128,0.136987,0.119639,0.118802,0.0079716,5.87969,0.125931,3.2167,0.026589,1.06
1.15,26,128,0.275033,0.239159,0.102079,0.0078679,4.7487,0.126172,3.275,0.027212,1.236
1.155,26,128,0.197551,0.17104,0.070854,0.0069624,4.22823,0.126365,3.375,0.027676,1.7835
1.16,26,128,-0.015625,-0.01347,0.04904,0.0055482,3.43095,0.132939,3.2917,0.028595,2.7108
1.165,26,128,0.262973,0.225727,0.032209,0.0042516,4.14927,0.130985,3.3167,0.028938,4.0667
1.17,26,128,0.106887,0.091357,0.021178,0.0030212,4.89244,0.135858,3.2917,0.029689,6.4152
1.175,26,128,0.180045,0.15323,0.015111,0.0023964,3.60809,0.133332,3.3417,0.030214,8.8235
1.18,26,128,0.121151,0.10267,0.015254,0.0024567,3.27995,0.135504,3.3583,0.030929,8.8832
1.185,26,128,0.180186,0.152055,0.020065,0.0031249,4.42401,0.140486,3.375,0.031711,7.0016
1.19,26,128,0.024736,0.020786,0.025076,0.0035923,3.75822,0.14393,3.4,0.032646,5.7396
1.195,26,128,-0.062006,-0.051888,0.033717,0.0045453,5.27313,0.141321,3.3667,0.032927,4.1914
1.2,26,128,0.407418,0.339515,0.040939,0.0054025,5.31945,0.143562,3.4917,0.033194,3.5068
1.205,26,128,0.214104,0.17768,0.046966,0.0060121,4.10222,0.144965,3.5583,0.034194,3.0866
1.21,26,128,0.10285,0.085,0.055679,0.0067629,4.49478,0.149504,3.6417,0.035063,2.6851
1.215,26,128,-0.014246,-0.011725,0.063295,0.0074142,4.25804,0.152858,3.6083,0.035514,2.415
1.22,26,128,0.190996,0.156554,0.071198,0.007947,6.02557,0.156559,3.5667,0.03626,2.1989
1.225,26,128,0.147434,0.120354,0.080988,0.008398,5.44759,0.158566,3.6,0.036778,1.9579
1.23,26,128,0.184144,0.149711,0.092382,0.0092146,5.27182,0.159848,3.625,0.037272,1.7303
1.235,26,128,0.10024,0.081166,0.100063,0.0096218,5.02857,0.163759,3.5833,0.038274,1.6366
1.24,26,128,0.104269,0.084088,0.109491,0.0101283,5.54479,0.165098,3.7917,0.038922,1.5079
1.245,26,128,0.080311,0.064507,0.118657,0.0104312,5.7925,0.166531,3.7333,0.039571,1.4035
1.25,26,128,0.115812,0.092649,0.124202,0.0106723,4.41366,0.166724,3.7917,0.039843,1.3424
1.255,26,128,0.246518,0.196428,0.132295,0.0110064,4.08513,0.169184,3.825,0.040703,1.2788
1.26,26,128,0.123769,0.09823,0.138086,0.0110092,4.11845,0.17141,3.7167,0.041373,1.2413
1.265,26,128,0.005194,0.004106,0.144163,0.0114222,4.03801,0.171193,3.7167,0.041975,1.1875
1.27,26,128,0.166841,0.131371,0.142993,0.0114641,4.36528,0.17557,4.0083,0.042646,1.2278
1.275,26,128,0.208413,0.163461,0.143464,0.01156,4.94887,0.177063,4.0083,0.043081,1.2342
1.28,26,128,0.104313,0.081495,0.153325,0.0113842,5.4816,0.176352,3.9667,0.043684,1.1502
1.13,27,128,0.13151,0.11638,0.064822,0.0039607,4.52878,0.120304,3.1,0.024399,1.8559
1.135,27,128,0.13496,0.118907,0.082897,0.0052687,3.29689,0.115189,3.15,0.025037,1.3895
1.14,27,128,0.324665,0.284794,0.131298,0.0071708,3.74361,0.121568,3.225,0.025659,0.9259
1.145,27,128,0.022778,0.019893,0.120134,0.0080187,4.47295,0.125563,3.2333,0.02632,1.0452
1.15,27,128,0.441254,0.383699,0.098175,0.0079167,4.49821,0.123333,3.175,0.027222,1.2563
1.155,27,128,0.362537,0.313885,0.073765,0.0070357,3.5724,0.12845,3.3083,0.027507,1.7413
1.16,27,128,-0.018691,-0.016113,0.051785,0.0059363,3.22963,0.128397,3.25,0.02834,2.4794
1.165,27,128,0.096492,0.082825,0.032688,0.0044575,3.12206,0.131552,3.3333,0.029067,4.0245
1.17,27,128,0.076911,0.065736,0.020719,0.003135,3.71984,0.133621,3.3583,0.029618,6.4491
1.175,27,128,0.096896,0.082465,0.014365,0.002345,4.30635,0.133748,3.4167,0.030297,9.3106
1.18,27,128,0.27012,0.228915,0.013556,0.0021459,5.3552,0.139665,3.2917,0.03086,10.3032
1.185,27,128,0.236091,0.199233,0.017119,0.0025668,4.99247,0.141268,3.4833,0.031913,8.2519
1.19,27,128,0.172839,0.145243,0.022086,0.0031877,4.9001,0.140592,3.5,0.032244,6.3656
1.195,27,128,0.330845,0.276857,0.029122,0.0040492,3.93376,0.144235,3.4917,0.032981,4.9528
1.2,27,128,0.052982,0.044152,0.03541,0.0047132,5.08736,0.148536,3.5333,0.033732,4.1947
1.205,27,128,0.267328,0.221849,0.044132,0.0056406,5.35682,0.14688,3.45,0.034082,3.3282
1.21,27,128,0.062326,0.051509,0.053939,0.0065041,4.19797,0.153752,3.5833,0.034972,2.8505
1.215,27,128,0.167125,0.137551,0.062251,0.0072424,5.00548,0.152638,3.6333,0.035662,2.452
1.22,27,128,0.096647,0.079219,0.071982,0.0079129,4.57883,0.153977,3.5083,0.036108,2.1391
1.225,27,128,0.146374,0.119489,0.082107,0.0084846,5.29018,0.152393,3.6333,0.036635,1.856
1.23,27,128,0.083834,0.068157,0.091416,0.0091945,4.90426,0.158014,3.525,0.037512,1.7285
1.235,27,128,0.156081,0.126382,0.095867,0.0091841,5.47454,0.162855,3.6917,0.038109,1.6988
1.24,27,128,0.282661,0.227952,0.102706,0.0098252,4.71984,0.164887,3.7833,0.038596,1.6054
1.245,27,128,0.240983,0.193561,0.11125,0.0099733,4.39337,0.161865,3.7583,0.039366,1.455
1.25,27,128,0.064077,0.051261,0.120353,0.01055,4.55986,0.166981,3.7667,0.039777,1.3874
1.255,27,128,0.198833,0.158433,0.125104,0.0110487,4.59436,0.169037,3.7333,0.040646,1.3512
1.26,27,128,0.292047,0.231783,0.132628,0.0111332,3.79657,0.171635,3.8417,0.041184,1.2941
1.265,27,128,-0.033931,-0.026823,0.135222,0.0113034,4.79815,0.171307,3.75,0.042009,1.2669
1.27,27,128,0.204884,0.161326,0.14323,0.0115932,4.95663,0.174357,3.8333,0.042692,1.2173
1.275,27,128,0.162521,0.127467,0.145122,0.0117774,4.34497,0.17357,3.8917,0.04311,1.196
1.28,27,128,0.111456,0.087075,0.150308,0.0118741,3.93981,0.180175,3.9167,0.043822,1.1987
1.13,28,128,-0.036756,-0.032528,0.061324,0.0038831,4.41358,0.117941,3.1083,0.024592,1.9233
1.135,28,128,0.199815,0.176048,0.098651,0.0053025,5.47416,0.121263,3.2417,0.025231,1.2292
1.14,28,128,0.202554,0.177679,0.123514,0.0069463,4.84882,0.12037,3.1667,0.025556,0.9745
1.145,28,128,0.075984,0.066362,0.127112,0.0082235,4.39026,0.123635,3.1333,0.02666,0.9726
1.15,28,128,0.226587,0.197032,0.096663,0.0079527,3.70643,0.126567,3.175,0.027249,1.3094
1.155,28,128,0.106026,0.091798,0.071307,0.0070599,5.02817,0.126507,3.2417,0.027722,1.7741
1.16,28,128,0.384975,0.331875,0.049053,0.0055918,6.04005,0.129827,3.375,0.028589,2.6466
1.165,28,128,0.105479,0.09054,0.032449,0.0042902,4.92832,0.133211,3.4083,0.029278,4.1053
1.17,28,128,0.183421,0.15677,0.019634,0.0029943,3.70117,0.13252,3.3333,0.029634,6.7496
1.175,28,128,0.227243,0.193398,0.01372,0.0021855,4.13185,0.135258,3.35,0.030302,9.8584
1.18,28,128,0.169912,0.143993,0.014056,0.0022489,4.48304,0.136569,3.4,0.030898,9.716
1.185,28,128,0.091272,0.077023,0.017811,0.0027681,4.8058,0.140739,3.4417,0.031702,7.902
1.19,28,128,0.110471,0.092833,0.024784,0.0034335,4.92154,0.141915,3.3667,0.032552,5.7261
1.195,28,128,0.258742,0.216521,0.032565,0.0043578,4.51151,0.144246,3.475,0.033027,4.4296
1.2,28,128,0.058684,0.048904,0.039403,0.0051509,4.72514,0.144214,3.5083,0.033269,3.6599
1.205,28,128,0.248031,0.205835,0.047122,0.0059257,5.18201,0.147236,3.5167,0.034385,3.1246
1.21,28,128,0.097062,0.080217,0.057345,0.006888,5.43042,0.14876,3.5,0.035028,2.5941
1.215,28,128,0.304211,0.25038,0.064897,0.0074329,5.19431,0.152459,3.5167,0.035623,2.3492
1.22,28,128,0.164266,0.134644,0.07307,0.0080481,4.8912,0.153044,3.5417,0.03636,2.0945
1.225,28,128,0.14162,0.115608,0.083431,0.008673,4.33831,0.157936,3.7,0.03684,1.893
1.23,28,128,0.369004,0.300003,0.090313,0.0090852,4.62093,0.160496,3.7,0.037248,1.7771
1.235,28,128,0.06657,0.053903,0.100298,0.0095478,4.94557,0.161507,3.7083,0.037997,1.6103
1.24,28,128,0.266397,0.214836,0.107197,0.0099937,5.66849,0.161009,3.7,0.038723,1.502
1.245,28,128,0.068091,0.054691,0.111723,0.0104269,4.58998,0.166393,3.7,0.03951,1.4893
1.25,28,128,0.177995,0.142396,0.117852,0.0105585,4.97394,0.166288,3.8083,0.039999,1.411
1.255,28,128,0.190609,0.15188,0.120461,0.0107074,4.77941,0.167988,3.8333,0.040592,1.3945
1.26,28,128,0.237006,0.1881,0.129546,0.0111439,5.7846,0.172488,3.7667,0.04137,1.3315
1.265,28,128,0.272039,0.215051,0.140238,0.0110458,4.79162,0.174017,3.9083,0.041876,1.2409
1.27,28,128,0.188236,0.148218,0.144874,0.0112875,4.77217,0.174961,3.9917,0.042186,1.2077
1.275,28,128,0.181485,0.142341,0.147737,0.0115566,4.07855,0.175729,3.9167,0.043334,1.1895
1.28,28,128,0.317674,0.248183,0.154886,0.0115753,4.37342,0.176628,4.0167,0.043707,1.1404
1.13,29,128,0.186358,0.164918,0.066932,0.0039678,4.46486,0.113185,3.0167,0.024462,1.6911
1.135,29,128,0.330647,0.291319,0.105414,0.0052963,3.72297,0.117958,3.1,0.025081,1.119
1.14,29,128,0.155901,0.136756,0.113489,0.0068718,4.71254,0.123608,3.175,0.025826,1.0892
1.145,29,128,0.174978,0.152819,0.109669,0.0080535,4.03101,0.126008,3.2583,0.026818,1.149
1.15,29,128,0.258138,0.224468,0.105323,0.0078995,5.25309,0.125139,3.2083,0.026968,1.1881
1.155,29,128,0.334286,0.289425,0.07399,0.007095,5.87293,0.126534,3.3167,0.027914,1.7102
1.16,29,128,0.257063,0.221606,0.049641,0.0056581,5.32702,0.127912,3.2917,0.028454,2.5768
1.165,29,128,0.216819,0.186111,0.034597,0.0043959,4.14796,0.133315,3.3083,0.02925,3.8534
1.17,29,128,0.174206,0.148894,0.022417,0.003169,4.29508,0.13533,3.275,0.029674,6.037
1.175,29,128,0.193044,0.164293,0.01559,0.0024063,5.53815,0.136626,3.3917,0.030316,8.7638
1.18,29,128,-0.154147,-0.130633,0.014151,0.002352,3.41751,0.136406,3.375,0.030727,9.6394
1.185,29,128,0.091348,0.077087,0.016818,0.0027094,4.12373,0.138748,3.3667,0.031542,8.2502
1.19,29,128,0.147547,0.123989,0.023612,0.0034821,4.74412,0.142475,3.5333,0.032349,6.0341
1.195,29,128,0.394691,0.330285,0.031191,0.0044262,5.1996,0.146453,3.3833,0.033071,4.6954
1.2,29,128,0.332297,0.276915,0.038544,0.0052397,5.28131,0.145184,3.4333,0.033551,3.7667
1.205,29,128,0.094418,0.078356,0.045128,0.0058869,4.733,0.14572,3.475,0.033998,3.229
1.21,29,128,0.131946,0.109046,0.054869,0.0066922,5.89004,0.149779,3.5083,0.034698,2.7297
1.215,29,128,0.136629,0.112452,0.064512,0.0073619,5.28592,0.152895,3.6417,0.035634,2.37
1.22,29,128,0.110057,0.090211,0.074978,0.0081347,5.78772,0.154329,3.6083,0.036004,2.0583
1.225,29,128,0.237704,0.194044,0.081816,0.0086505,3.94294,0.15783,3.5583,0.03712,1.9291
1.23,29,128,0.23276,0.189236,0.090301,0.0091715,5.28448,0.15927,3.6333,0.037214,1.7638
1.235,29,128,0.201167,0.162888,0.096336,0.0094194,4.60628,0.15998,3.5083,0.038139,1.6607
1.24,29,128,0.159546,0.128666,0.104819,0.0098662,3.96394,0.163072,3.6917,0.038801,1.5557
1.245,29,128,0.063883,0.051312,0.11437,0.0104821,5.04702,0.164191,3.7,0.039501,1.4356
1.25,29,128,0.211389,0.169111,0.119309,0.0107168,4.31587,0.16599,3.6583,0.039778,1.3913
1.255,29,128,0.131508,0.104787,0.126152,0.0108921,3.81969,0.167217,3.9167,0.040539,1.3255
1.26,29,128,0.146178,0.116014,0.125208,0.0108755,4.18157,0.171959,3.7333,0.041362,1.3734
1.265,29,128,0.247475,0.195633,0.130779,0.0111447,6.46392,0.171982,3.7667,0.041893,1.3151
1.27,29,128,0.007589,0.005975,0.142107,0.0111479,6.07278,0.172885,3.8,0.042397,1.2166
1.275,29,128,0.100704,0.078984,0.146694,0.0113839,4.35288,0.172725,3.8083,0.043111,1.1775
1.28,29,128,0.14081,0.110008,0.144106,0.0115133,5.23034,0.180136,3.8,0.043717,1.25
1.13,30,128,0.236939,0.20968,0.057488,0.0038006,3.6552,0.113317,3.1333,0.024529,1.9711
1.135,30,128,0.332431,0.292891,0.091588,0.0052286,4.20569,0.120392,3.0583,0.025245,1.3145
1.14,30,128,0.303729,0.266429,0.133166,0.0069747,3.62666,0.124041,3.225,0.025881,0.9315
1.145,30,128,0.237147,0.207116,0.119402,0.0080975,4.4724,0.124044,3.2333,0.026328,1.0389
1.15,30,128,0.338257,0.294137,0.099349,0.0082176,3.57297,0.124438,3.25,0.026905,1.2525
1.155,30,128,0.270712,0.234382,0.076493,0.007088,5.21933,0.130046,3.2917,0.027887,1.7001
1.16,30,128,0.033031,0.028475,0.052451,0.0058738,4.80143,0.131409,3.4,0.028377,2.5054
1.165,30,128,0.152501,0.130903,0.034945,0.0045208,3.83222,0.13068,3.25,0.029026,3.7397
1.17,30,128,0.125288,0.107084,0.022182,0.0031808,4.86027,0.135428,3.4,0.029824,6.1054
1.175,30,128,0.468584,0.398795,0.015229,0.002396,5.63309,0.135623,3.3667,0.030375,8.9055
1.18,30,128,0.273445,0.231733,0.015522,0.0024233,3.9318,0.136192,3.35,0.030684,8.7742
1.185,30,128,0.371286,0.313321,0.018538,0.0028787,4.64752,0.142329,3.45,0.031653,7.6775
1.19,30,128,0.344902,0.289833,0.02444,0.0035145,4.62816,0.142738,3.4333,0.032462,5.8403
1.195,30,128,0.165823,0.138764,0.032244,0.0045344,5.95238,0.145529,3.4833,0.033106,4.5134
1.2,30,128,0.222965,0.185804,0.04128,0.0054685,5.13527,0.144886,3.4917,0.033373,3.5098
1.205,30,128,0.2802,0.232531,0.049217,0.0062418,5.11017,0.146824,3.5,0.034126,2.9832
1.21,30,128,0.113571,0.09386,0.057562,0.0068932,5.42443,0.151016,3.55,0.034832,2.6235
1.215,30,128,0.242018,0.199192,0.066491,0.0076459,4.15955,0.15377,3.5667,0.035471,2.3126
1.22,30,128,0.012813,0.010502,0.074826,0.0081701,4.7018,0.156253,3.5833,0.036179,2.0882
1.225,30,128,0.264543,0.215953,0.081115,0.0086255,4.85228,0.158283,3.6417,0.036954,1.9513
1.23,30,128,0.17991,0.146268,0.090654,0.0089975,4.42563,0.16076,3.6333,0.037508,1.7733
1.235,30,128,0.097784,0.079178,0.097834,0.0094375,4.083,0.161155,3.65,0.037931,1.6472
1.24,30,128,0.074763,0.060293,0.104066,0.0099299,4.14306,0.164737,3.8417,0.038691,1.583
1.245,30,128,0.134153,0.107754,0.112602,0.0102697,3.7044,0.164446,3.6833,0.039222,1.4604
1.25,30,128,0.12862,0.102896,0.117493,0.010518,4.17658,0.16585,3.7417,0.040318,1.4116
1.255,30,128,0.324574,0.258625,0.126443,0.0107331,5.00025,0.164654,3.7583,0.040553,1.3022
1.26,30,128,0.374275,0.297044,0.124593,0.010688,4.22881,0.168583,3.9583,0.041245,1.3531
1.265,30,128,0.204385,0.161569,0.130988,0.0110464,3.46515,0.172407,3.825,0.041924,1.3162
1.27,30,128,0.124678,0.098171,0.143675,0.0113502,3.72484,0.173472,3.8667,0.042349,1.2074
1.275,30,128,0.321109,0.25185,0.143556,0.0113885,5.33965,0.177529,3.9917,0.043454,1.2367
1.28,30,128,0.208433,0.162838,0.147222,0.0113254,4.43441,0.177419,3.9,0.043655,1.2051
1.13,111,128,-0.081541,-0.072161,0.061006,0.0038813,5.21478,0.117969,3.125,0.024571,1.9337
1.135,111,128,0.097,0.085462,0.092511,0.0053722,4.41366,0.116621,3.075,0.02504,1.2606
1.14,111,128,0.150951,0.132413,0.120196,0.0070532,5.47719,0.122612,3.1083,0.025638,1.0201
1.145,111,128,0.015,0.013101,0.132848,0.0079432,4.2478,0.124367,3.15,0.026682,0.9362
1.15,111,128,0.16027,0.139365,0.106371,0.0078429,5.41979,0.12582,3.2417,0.027018,1.1828
1.155,111,128,0.312465,0.270533,0.075086,0.0071836,5.44215,0.128352,3.1917,0.027592,1.7094
1.16,111,128,0.175837,0.151584,0.054788,0.0061028,4.29744,0.130708,3.3083,0.028605,2.3857
1.165,111,128,0.183469,0.157484,0.034522,0.0045406,3.53839,0.129537,3.2583,0.028837,3.7523
1.17,111,128,-0.012694,-0.010849,0.023989,0.0033631,4.54816,0.132006,3.3417,0.029711,5.5028
1.175,111,128,-0.102963,-0.087628,0.016448,0.0024958,4.98883,0.135032,3.3833,0.030377,8.2098
1.18,111,128,0.438685,0.371767,0.013878,0.0022855,4.17976,0.135513,3.3667,0.030993,9.7647
1.185,111,128,-0.006064,-0.005117,0.016831,0.0025786,4.66978,0.139667,3.4917,0.03161,8.298
1.19,111,128,0.0736,0.061848,0.022186,0.0032888,3.60239,0.141816,3.3833,0.032278,6.3922
1.195,111,128,0.23927,0.200226,0.029964,0.004192,4.24906,0.146856,3.4833,0.033156,4.9011
1.2,111,128,0.216848,0.180707,0.036844,0.0050233,4.58881,0.142095,3.5917,0.033519,3.8567
1.205,111,128,0.210274,0.174501,0.047306,0.0061747,5.00966,0.14577,3.575,0.034133,3.0814
1.21,111,128,0.045628,0.037709,0.053814,0.0067693,5.30319,0.14862,3.55,0.034506,2.7617
1.215,111,128,0.141784,0.116694,0.062174,0.0073353,4.94004,0.151123,3.5417,0.035232,2.4307
1.22,111,128,0.02216,0.018164,0.0702,0.0079096,4.54492,0.154248,3.7083,0.036327,2.1973
1.225,111,128,0.345206,0.281801,0.077579,0.0082917,4.5759,0.155665,3.625,0.036732,2.0065
1.23,111,128,0.219047,0.178087,0.087027,0.0091118,4.83852,0.16131,3.6417,0.03749,1.8536
1.235,111,128,0.177269,0.143538,0.093851,0.0095434,4.25899,0.16323,3.6083,0.03807,1.7393
1.24,111,128,0.335912,0.270897,0.100248,0.0099205,4.25799,0.161924,3.7833,0.038909,1.6152
1.245,111,128,0.125183,0.100548,0.107981,0.0100333,4.34756,0.163371,3.7,0.03927,1.513
1.25,111,128,0.111339,0.089071,0.111517,0.0103362,4.39746,0.165817,3.8,0.039839,1.4869
1.255,111,128,0.109636,0.087359,0.119363,0.0108789,5.27908,0.167863,3.8083,0.040661,1.4063
1.26,111,128,0.170323,0.135177,0.124254,0.0113169,5.28231,0.171094,3.8417,0.041255,1.377
1.265,111,128,0.240921,0.190451,0.129898,0.0115231,5.21887,0.174564,3.7833,0.041543,1.3439
1.27,111,128,0.283305,0.223075,0.136908,0.0117097,5.04512,0.172756,3.9083,0.042539,1.2618
1.275,111,128,0.067369,0.052838,0.142584,0.0117172,5.39853,0.1777,3.875,0.043276,1.2463
1.28,111,128,0.181272,0.141619,0.145219,0.0117553,4.71858,0.179577,3.975,0.043722,1.2366
1.13,222,128,0.191014,0.169039,0.060378,0.0039114,4.96412,0.119264,2.9917,0.024817,1.9753
1.135,222,128,-0.032132,-0.02831,0.086263,0.0053392,4.26918,0.113887,3.15,0.024906,1.3202
1.14,222,128,0.298089,0.261482,0.140106,0.0074311,5.3781,0.118619,3.1333,0.025834,0.8466
1.145,222,128,0.246105,0.214939,0.11839,0.0080633,5.15544,0.124469,3.25,0.026433,1.0513
1.15,222,128,0.125036,0.108727,0.098934,0.0076966,4.6298,0.128369,3.275,0.027263,1.2975
1.155,222,128,0.191179,0.165523,0.073001,0.0067954,4.37121,0.127813,3.125,0.028039,1.7508
1.16,222,128,0.216069,0.186267,0.04919,0.0056035,4.15876,0.129696,3.2333,0.028488,2.6367
1.165,222,128,0.157978,0.135603,0.031049,0.0041972,5.01149,0.130291,3.3333,0.028831,4.1963
1.17,222,128,0.283699,0.242478,0.020973,0.0030307,3.48866,0.131066,3.4,0.029493,6.2491
1.175,222,128,0.117495,0.099996,0.015682,0.0025003,3.94821,0.131106,3.3167,0.030396,8.3603
1.18,222,128,0.162895,0.138047,0.014628,0.0024736,3.9828,0.142404,3.425,0.030988,9.7353
1.185,222,128,0.222652,0.187892,0.01764,0.0027688,3.96125,0.142231,3.4833,0.031495,8.0628
1.19,222,128,0.270336,0.227173,0.024965,0.0035708,4.04401,0.141656,3.3583,0.032036,5.6741
1.195,222,128,0.023215,0.019427,0.033391,0.0044928,3.49713,0.145278,3.4583,0.03285,4.3507
1.2,222,128,0.27691,0.230758,0.041659,0.0053039,4.0037,0.146767,3.4667,0.033825,3.523
1.205,222,128,0.068786,0.057084,0.048511,0.0060128,4.05586,0.150496,3.5583,0.034241,3.1023
1.21,222,128,0.151955,0.125583,0.05765,0.0067662,4.21024,0.151034,3.525,0.035117,2.6199
1.215,222,128,0.064237,0.05287,0.067969,0.0075958,4.36767,0.154795,3.525,0.035811,2.2774
1.22,222,128,0.074042,0.06069,0.073759,0.0081413,4.89687,0.151499,3.575,0.036086,2.054
1.225,222,128,0.295051,0.240858,0.082052,0.008703,5.09836,0.156564,3.6417,0.036751,1.9081
1.23,222,128,0.267963,0.217856,0.091727,0.0095601,5.08035,0.16013,3.65,0.037448,1.7457
1.235,222,128,0.265364,0.21487,0.098255,0.0098478,5.56221,0.159172,3.75,0.038058,1.62
1.24,222,128,0.236907,0.191054,0.10517,0.0102217,4.61607,0.161843,3.7083,0.03859,1.5389
1.245,222,128,0.20418,0.164,0.111051,0.0101534,5.15053,0.165861,3.7917,0.039407,1.4936
1.25,222,128,0.139799,0.111839,0.116128,0.0101544,4.70287,0.168738,3.8333,0.040185,1.453
1.255,222,128,0.254201,0.20255,0.119553,0.0105607,4.85567,0.168329,3.85,0.040434,1.408
1.26,222,128,0.163602,0.129843,0.125726,0.010889,4.03368,0.173212,3.8917,0.041444,1.3777
1.265,222,128,0.030417,0.024045,0.137605,0.0113232,3.15461,0.174787,3.825,0.041707,1.2702
1.27,222,128,0.135492,0.106687,0.1393,0.0115704,3.75017,0.17465,3.9333,0.042238,1.2538
1.275,222,128,-0.148983,-0.11685,0.136111,0.0114494,4.11163,0.175499,3.8833,0.043019,1.2894
1.28,222,128,0.121075,0.09459,0.146944,0.0115874,4.99893,0.178998,3.975,0.043866,1.2181
1.13,333,128,0.251733,0.222772,0.062653,0.003861,4.59079,0.114783,3.0667,0.024616,1.832
1.135,333,128,0.315887,0.278314,0.104174,0.0052881,4.45178,0.122033,3.0917,0.025009,1.1714
1.14,333,128,0.246567,0.216287,0.110199,0.0071615,4.43299,0.125264,3.125,0.026102,1.1367
1.145,333,128,0.068732,0.060028,0.122741,0.0080305,4.9066,0.123976,3.1833,0.026321,1.0101
1.15,333,128,0.058712,0.051054,0.101663,0.0076949,4.09438,0.12417,3.2333,0.026709,1.2214
1.155,333,128,0.112021,0.096988,0.074447,0.0069548,4.74209,0.12563,3.25,0.027592,1.6875
1.16,333,128,0.263152,0.226855,0.049714,0.005641,4.35537,0.128535,3.1083,0.028283,2.5855
1.165,333,128,0.102431,0.087924,0.032488,0.0042993,5.52704,0.128106,3.325,0.02891,3.9431
1.17,333,128,0.231165,0.197577,0.020465,0.0030159,4.75999,0.13455,3.3083,0.029681,6.5747
1.175,333,128,0.281122,0.239252,0.014292,0.0022196,3.74941,0.138184,3.4,0.0303,9.6688
1.18,333,128,0.014582,0.012358,0.013736,0.0022756,3.49924,0.137733,3.3333,0.030997,10.0274
1.185,333,128,0.128685,0.108595,0.017732,0.0027178,4.12637,0.138356,3.4,0.031407,7.8025
1.19,333,128,0.058886,0.049484,0.023602,0.0035118,4.83128,0.141721,3.475,0.032324,6.0047
1.195,333,128,0.246332,0.206136,0.031354,0.0044055,4.3126,0.142785,3.4,0.032952,4.5539
1.2,333,128,0.11555,0.096291,0.039024,0.0052758,5.09469,0.145178,3.4583,0.033528,3.7203
1.205,333,128,0.097008,0.080504,0.046654,0.0060029,4.48839,0.148247,3.4833,0.034208,3.1776
1.21,333,128,0.010414,0.008607,0.055354,0.0068439,4.25323,0.150259,3.575,0.035199,2.7145
1.215,333,128,0.387407,0.318854,0.063965,0.0075297,3.62851,0.15512,3.6917,0.035461,2.4251
1.22,333,128,0.220448,0.180695,0.073991,0.0080598,4.61264,0.154186,3.55,0.036258,2.0839
1.225,333,128,-0.068571,-0.055976,0.083128,0.0085538,3.75547,0.15753,3.4583,0.036843,1.895
1.23,333,128,0.060176,0.048923,0.089566,0.0089787,4.11899,0.157057,3.6833,0.037265,1.7535
1.235,333,128,0.056491,0.045742,0.098242,0.0093314,4.8247,0.161544,3.6,0.038077,1.6443
1.24,333,128,0.31968,0.257806,0.105536,0.0097859,3.75324,0.164462,3.6417,0.03852,1.5583
1.245,333,128,0.114513,0.091978,0.112352,0.010212,3.8274,0.164676,3.85,0.039623,1.4657
1.25,333,128,0.14978,0.119824,0.120286,0.0106629,3.90334,0.163247,3.7583,0.039693,1.3572
1.255,333,128,0.238407,0.189966,0.129144,0.0108575,4.65357,0.169254,3.8417,0.040714,1.3106
1.26,333,128,0.136018,0.107951,0.131158,0.0109594,5.4631,0.17006,3.7417,0.04111,1.2966
1.265,333,128,0.135357,0.107001,0.137388,0.0110734,5.23554,0.171972,3.7583,0.041904,1.2517
1.27,333,128,0.211378,0.16644,0.137378,0.0112385,5.89865,0.174907,3.9417,0.042237,1.2732
1.275,333,128,0.240036,0.188264,0.148664,0.0115306,5.40404,0.178719,3.7917,0.043343,1.2022
1.28,333,128,0.338018,0.264076,0.147153,0.0115911,5.36029,0.178836,3.9417,0.04364,1.2153
1.13,444,128,0.352031,0.311532,0.067105,0.0038879,3.5389,0.121213,3.1583,0.024412,1.8063
1.135,444,128,0.233444,0.205678,0.08593,0.0054065,4.341,0.116123,3.075,0.025181,1.3514
1.14,444,128,0.021358,0.018735,0.13524,0.007263,4.17349,0.121072,3.1833,0.02568,0.8952
1.145,444,128,0.034361,0.03001,0.12634,0.0080559,4.04201,0.124493,3.2417,0.026341,0.9854
1.15,444,128,-0.005921,-0.005149,0.104313,0.0079896,4.09402,0.126842,3.2583,0.027042,1.216
1.155,444,128,0.230596,0.19965,0.073786,0.0069358,5.03279,0.126981,3.2833,0.027804,1.7209
1.16,444,128,0.094847,0.081764,0.048655,0.0055484,4.46624,0.130634,3.2667,0.028248,2.6849
1.165,444,128,0.216328,0.185689,0.030692,0.0040478,5.66892,0.131469,3.275,0.028898,4.2835
1.17,444,128,-0.092425,-0.078996,0.019729,0.002855,4.55505,0.13321,3.2917,0.029558,6.752
1.175,444,128,-0.050948,-0.04336,0.014057,0.0022255,4.82135,0.135647,3.4,0.030238,9.65
1.18,444,128,0.277994,0.235588,0.014434,0.0023513,3.98491,0.135154,3.325,0.03111,9.3637
1.185,444,128,0.126301,0.106583,0.018983,0.0029697,3.35431,0.140917,3.4083,0.031923,7.4233
1.19,444,128,0.215076,0.180736,0.023867,0.0036018,5.33524,0.138055,3.3833,0.0323,5.7843
1.195,444,128,0.103539,0.086643,0.032182,0.0044134,4.78801,0.146479,3.4667,0.032941,4.5515
1.2,444,128,0.313383,0.261152,0.04047,0.0054898,4.14704,0.146716,3.525,0.033551,3.6253
1.205,444,128,0.177827,0.147575,0.049386,0.0063163,5.94419,0.146786,3.6583,0.034025,2.9722
1.21,444,128,0.158101,0.130662,0.058868,0.007049,4.17154,0.150243,3.4667,0.034945,2.5522
1.215,444,128,0.281924,0.232037,0.068409,0.0076574,5.32345,0.152455,3.5833,0.035552,2.2286
1.22,444,128,0.007006,0.005743,0.077896,0.008178,4.92891,0.149059,3.6667,0.036206,1.9136
1.225,444,128,0.176477,0.144063,0.08308,0.0086116,4.81172,0.15726,3.625,0.036759,1.8929
1.23,444,128,0.132784,0.107955,0.091391,0.0091798,4.93533,0.158545,3.7083,0.037607,1.7348
1.235,444,128,0.224039,0.181408,0.098246,0.0094025,5.5984,0.161377,3.7167,0.038092,1.6426
1.24,444,128,0.264526,0.213328,0.106869,0.0097991,4.70888,0.161894,3.8167,0.03841,1.5149
1.245,444,128,0.110328,0.088617,0.112871,0.0100971,4.23717,0.162894,3.8083,0.0392,1.4432
1.25,444,128,0.105713,0.08457,0.117812,0.0102378,3.8877,0.164742,3.7667,0.039879,1.3983
1.255,444,128,0.157022,0.125117,0.124205,0.0107442,3.96417,0.168303,3.825,0.040593,1.355
1.26,444,128,0.308294,0.244677,0.129608,0.0110235,4.03845,0.168692,3.8,0.041169,1.3016
1.265,444,128,0.177672,0.140452,0.13941,0.0112973,4.06364,0.173411,3.975,0.041872,1.2439
1.27,444,128,0.002106,0.001658,0.137296,0.0116978,4.45101,0.172671,3.95,0.042679,1.2576
1.275,444,128,0.129105,0.101259,0.139748,0.0117072,4.84021,0.173907,3.9083,0.043154,1.2444
1.28,444,128,0.150461,0.117548,0.141687,0.0116907,4.95074,0.179426,3.85,0.043572,1.2664
1.13,555,128,-0.001373,-0.001215,0.058431,0.003887,5.41072,0.119428,3.075,0.024434,2.0439
1.135,555,128,0.149003,0.13128,0.086778,0.005147,4.58421,0.117351,3.1667,0.025216,1.3523
1.14,555,128,0.228276,0.200242,0.113895,0.0071279,4.67078,0.124244,3.1583,0.026085,1.0909
1.145,555,128,0.301454,0.263279,0.126879,0.0080944,4.8392,0.121649,3.175,0.026601,0.9588
1.15,555,128,0.095459,0.083008,0.101457,0.0078105,3.69917,0.123613,3.15,0.027159,1.2184
1.155,555,128,0.203557,0.17624,0.072933,0.0069125,3.95233,0.13355,3.2667,0.027685,1.8311
1.16,555,128,0.274326,0.236488,0.051427,0.0058746,4.27413,0.128763,3.3,0.028153,2.5038
1.165,555,128,0.359558,0.308633,0.03324,0.0043233,4.78218,0.132366,3.3167,0.02903,3.9822
1.17,555,128,0.015634,0.013362,0.022183,0.0032048,4.55942,0.13376,3.325,0.02968,6.0297
1.175,555,128,0.296792,0.252589,0.015809,0.0024943,3.9841,0.13711,3.3833,0.030101,8.6726
1.18,555,128,0.234712,0.198908,0.013507,0.0022189,3.96494,0.138356,3.425,0.031194,10.2433
1.185,555,128,0.161551,0.13633,0.016808,0.0025722,7.33638,0.140378,3.3917,0.03154,8.3518
1.19,555,128,0.279872,0.235187,0.021892,0.0032885,5.59453,0.141371,3.3833,0.032428,6.4578
1.195,555,128,0.274744,0.229911,0.029681,0.0042886,5.72177,0.144942,3.4083,0.032997,4.8833
1.2,555,128,0.293806,0.244838,0.03735,0.0051642,4.66814,0.146297,3.5583,0.033601,3.9169
1.205,555,128,0.291156,0.241624,0.045859,0.005978,4.98133,0.149612,3.5833,0.03405,3.2624
1.21,555,128,0.292227,0.24151,0.055831,0.0068227,4.23928,0.150449,3.625,0.035109,2.6947
1.215,555,128,0.030395,0.025017,0.064047,0.0074081,4.3945,0.153449,3.6833,0.035528,2.3959
1.22,555,128,0.22286,0.182672,0.071303,0.0080693,3.89127,0.155857,3.5583,0.036191,2.1858
1.225,555,128,0.089459,0.073028,0.07969,0.008703,4.33219,0.155335,3.5917,0.036614,1.9492
1.23,555,128,0.011538,0.009381,0.08738,0.0090237,4.52672,0.16008,3.65,0.037257,1.832
1.235,555,128,0.129291,0.104689,0.094797,0.0095148,3.73246,0.161654,3.6083,0.037916,1.7053
1.24,555,128,-0.01874,-0.015113,0.099058,0.0099295,5.03244,0.162228,3.6917,0.038912,1.6377
1.245,555,128,0.411741,0.330716,0.109326,0.0100859,4.96667,0.163017,3.6833,0.039116,1.4911
1.25,555,128,0.039466,0.031573,0.116591,0.0104725,3.3316,0.16886,3.9167,0.040118,1.4483
1.255,555,128,0.148295,0.118163,0.119226,0.0107331,4.36643,0.169988,3.8,0.040776,1.4258
1.26,555,128,0.22184,0.176064,0.125989,0.0108868,4.27738,0.172585,3.8583,0.041462,1.3698
1.265,555,128,0.260275,0.205751,0.131664,0.011267,4.83413,0.172009,3.9333,0.041913,1.3064
1.27,555,128,0.129528,0.10199,0.137854,0.0115945,3.82928,0.175196,3.9417,0.04265,1.2709
1.275,555,128,0.188711,0.148008,0.144638,0.0117465,3.55051,0.176663,3.925,0.043037,1.2214
1.28,555,128,0.175701,0.137266,0.146911,0.0116253,3.62629,0.179558,4.0333,0.043736,1.2222
